,Genus,Species,Num_of_CAZymes
0,Cryptococcus,gattii VGIIa,0
1,Cryptococcus,gattii VMGC3,0
2,Cryptococcus,gattii USC1499,0
3,Cryptococcus,gattii RV20186,0
4,Cryptococcus,gattii NIH444,0
5,Cryptococcus,neoformans var. grubii H99ED,0
6,Cryptococcus,neoformans var. grubii H99W,0
7,Cryptococcus,neoformans var. grubii H99S,0
8,Cryptococcus,gattii RSA-MW-2343,0
9,Cryptococcus,gattii RSA-MW-2399,0
10,Cryptococcus,gattii RSA-MW-3980,0
11,Cryptococcus,gattii RSA-MW-500,0
12,Cryptococcus,gattii RSA-MW-4243,0
13,Cryptococcus,gattii RSA-MW-6610,0
14,Cryptococcus,neoformans RSA-MW-4119,0
15,Cryptococcus,neoformans RSA-MW-852,0
16,Cryptococcus,neoformans RSA-MW-3156,0
17,Cryptococcus,neoformans RSA-MW-3335,0
18,Cryptococcus,neoformans RSA-MW-1340,0
19,Cryptococcus,neoformans RSA-MW-913,0
20,Cryptococcus,neoformans RSA-MW-1327,0
21,Cryptococcus,neoformans RSA-MW-2364,0
22,Cryptococcus,neoformans HC1,0
23,Cryptococcus,neoformans G0,0
24,Cryptococcus,neoformans RSA-MW-2163,0
25,Cryptococcus,neoformans RSA-MW-3747,0
26,Cryptococcus,neoformans RSA-MW-36,0
27,Cryptococcus,neoformans RSA-MW-1052,0
28,Cryptococcus,neoformans RSA-MW-3615,0
29,Cryptococcus,neoformans RSA-MW-2914,0
30,Cryptococcus,neoformans RSA-MW-3316,0
31,Cryptococcus,neoformans RSA-MW-3179,0
32,Cryptococcus,neoformans RSA-MW-1746,0
33,Cryptococcus,neoformans RSA-MW-1186,0
34,Cryptococcus,neoformans RSA-MW-2799,0
35,Cryptococcus,neoformans RSA-MW-2015,0
36,Cryptococcus,neoformans RSA-MW-628,0
37,Cryptococcus,neoformans RSA-MW-3956,0
38,Cryptococcus,neoformans RSA-MW-4085,0
39,Cryptococcus,neoformans RSA-MW-3580,0
40,Cryptococcus,neoformans RSA-MW-3393,0
41,Cryptococcus,neoformans RSA-MW-1485,0
42,Cryptococcus,neoformans RSA-MW-3474,0
43,Cryptococcus,neoformans RSA-MW-5913,0
44,Cryptococcus,neoformans RSA-MW-2967,0
45,Cryptococcus,neoformans RSA-MW-3451,0
46,Cryptococcus,neoformans RSA-MW-2645,0
47,Cryptococcus,neoformans RSA-MW-3877,0
48,Cryptococcus,neoformans RSA-MW-506,0
49,Cryptococcus,neoformans RSA-MW-5465,0
50,Cryptococcus,neoformans RSA-MW-1281,0
51,Cryptococcus,neoformans var. grubii LP-RSA2297,0
52,Cryptococcus,neoformans var. grubii 1052,0
53,Cryptococcus,neoformans var. grubii 1035,0
54,Cryptococcus,neoformans var. grubii 1054,0
55,Cryptococcus,neoformans var. grubii MW-RSA1327,0
56,Cryptococcus,neoformans var. grubii MMRL2445,0
57,Cryptococcus,neoformans var. grubii 102-14,0
58,Cryptococcus,neoformans var. grubii MW-RSA524,0
59,Cryptococcus,neoformans var. grubii A1-84-14,0
60,Cryptococcus,neoformans var. grubii SB4,0
61,Cryptococcus,neoformans var. grubii MW-RSA913,0
62,Cryptococcus,neoformans var. grubii WM626 (MMRL 3150),0
63,Cryptococcus,neoformans var. grubii MW-RSA3956,0
64,Cryptococcus,neoformans var. grubii MW-RSA3834,0
65,Cryptococcus,neoformans var. grubii MMRL1368,0
66,Cryptococcus,neoformans var. grubii 1033,0
67,Cryptococcus,neoformans Bt35,0
68,Cryptococcus,neoformans var. neoformans XL280,0
69,Cryptococcus,gattii VGII CBS 7750,0
70,Cryptococcus,gattii VGIIIa Mating type alpha,0
71,Cryptococcus,gattii VGII 2001/935-1,0
72,Cryptococcus,neoformans var. grubii cng2,0
73,Cryptococcus,neoformans var. grubii cng1,0
74,Cryptococcus,neoformans var. grubii cng11,0
75,Cryptococcus,neoformans var. grubii cng10,0
76,Cryptococcus,neoformans var. grubii cng9,0
77,Cryptococcus,neoformans var. grubii cng8,0
78,Cryptococcus,neoformans var. grubii cng7,0
79,Cryptococcus,neoformans var. grubii cng6,0
80,Cryptococcus,neoformans var. grubii cng5,0
81,Cryptococcus,neoformans var. grubii cng4,0
82,Cryptococcus,neoformans var. grubii cng3,0
83,Cryptococcus,neoformans CHC193-vivo,0
84,Cryptococcus,neoformans A5-vivo,0
85,Cryptococcus,neoformans H99-vivo,0
86,Cryptococcus,neoformans Bt85-vivo,0
87,Cryptococcus,neoformans Tu401-vivo,0
88,Cryptococcus,neoformans A1-vivo,0
89,Cryptococcus,neoformans C23-vivo,0
90,Cryptococcus,neoformans var. neoformans CDC92_27,0
91,Cryptococcus,amylolentus CBS 6273,0
92,Cryptococcus,gattii VGII MMRL2647,0
93,Cryptococcus,gattii Bt64,0
94,Cryptococcus,neoformans It756,0
95,Cryptococcus,gattii Ru294,0
96,Cryptococcus,gattii CA1873,0
97,Cryptococcus,gattii VGII Ram5,0
98,Cryptococcus,gattii CA1280,0
99,Cryptococcus,gattii NT-10,0
100,Cryptococcus,gattii VGII CA1014,0
101,Cryptococcus,gattii VGII LA55,0
102,Cryptococcus,gattii VGIV IND107,0
103,Cryptococcus,gattii VGII 99/473,0
104,Cryptococcus,gattii EJB2,0
105,Cryptococcus,gattii E566,0
106,Cryptococcus,gattii VGII CBS 10090,0
107,Cryptococcus,neoformans MMRL1361,0
108,Cryptococcus,neoformans S7,0
109,Cryptococcus,neoformans Bt99,0
110,Cryptococcus,neoformans Bt46,0
111,Cryptococcus,neoformans S6,0
112,Cryptococcus,neoformans Bt45,0
113,Cryptococcus,neoformans S4,0
114,Cryptococcus,neoformans Bt98,0
115,Cryptococcus,neoformans ATCC 48184,0
116,Cryptococcus,neoformans S3,0
117,Cryptococcus,neoformans Bt96,0
118,Cryptococcus,neoformans AD7_95,0
119,Cryptococcus,neoformans S1,0
120,Cryptococcus,neoformans Bt70,0
121,Cryptococcus,neoformans 6_20,0
122,Cryptococcus,neoformans NC34_21,0
123,Cryptococcus,neoformans Bt7,0
124,Cryptococcus,neoformans MW-RSA722,0
125,Cryptococcus,neoformans Bt68,0
126,Cryptococcus,neoformans IUM92_4686,0
127,Cryptococcus,neoformans Bt60,0
128,Cryptococcus,neoformans Bt97,0
129,Cryptococcus,neoformans Bt20,0
130,Cryptococcus,neoformans Bt66,0
131,Cryptococcus,neoformans Bt2,0
132,Cryptococcus,neoformans Bt62,0
133,Cryptococcus,neoformans Bt19,0
134,Cryptococcus,neoformans Bt47,0
135,Cryptococcus,neoformans Pr68,0
136,Cryptococcus,neoformans Bt44,0
137,Cryptococcus,neoformans Bt18,0
138,Cryptococcus,neoformans MW-RSA82,0
139,Cryptococcus,neoformans Bt43,0
140,Cryptococcus,neoformans Bt17,0
141,Cryptococcus,neoformans C2,0
142,Cryptococcus,neoformans Bt164,0
143,Cryptococcus,neoformans Bt202,0
144,Cryptococcus,neoformans Bt132,0
145,Cryptococcus,neoformans Zg287,0
146,Cryptococcus,neoformans var. grubii Bt65,0
147,Cryptococcus,neoformans var. grubii Bt109,0
148,Cryptococcus,neoformans var. grubii Bt128,0
149,Cryptococcus,neoformans var. neoformans AD3_99,0
150,Cryptococcus,neoformans var. neoformans VANC_R461,0
151,Cryptococcus,neoformans var. neoformans 431,0
152,Cryptococcus,neoformans var. neoformans S17,0
153,Cryptococcus,neoformans var. neoformans 3_15,0
154,Cryptococcus,neoformans var. neoformans S15,0
155,Cryptococcus,neoformans var. neoformans 2_22,0
156,Cryptococcus,neoformans var. neoformans S10,0
157,Cryptococcus,neoformans var. neoformans CDC92_18,0
158,Cryptococcus,neoformans var. neoformans B3179,0
159,Cryptococcus,neoformans var. neoformans MMRL751,0
160,Cryptococcus,neoformans var. neoformans MMRL757,0
161,Cryptococcus,neoformans var. neoformans MMRL760,0
162,Cryptococcus,neoformans var. grubii AD5-45a,0
163,Cryptococcus,neoformans var. grubii AD4-63a,0
164,Cryptococcus,neoformans var. grubii AD4-92a,0
165,Cryptococcus,neoformans var. grubii Bt204,0
166,Cryptococcus,neoformans var. grubii AD3-58,0
167,Cryptococcus,neoformans var. grubii AD3-41a,0
168,Cryptococcus,neoformans var. grubii Tu406-1,0
169,Cryptococcus,neoformans var. grubii Tu229-1,0
170,Cryptococcus,neoformans var. grubii Bt142,0
171,Cryptococcus,neoformans var. grubii AD3-11a,0
172,Cryptococcus,neoformans var. grubii AD3-9a,0
173,Cryptococcus,neoformans var. grubii Ug2459,0
174,Cryptococcus,neoformans var. grubii AD3-95a,0
175,Cryptococcus,neoformans var. grubii AD2-99a,0
176,Cryptococcus,neoformans var. grubii Bt146,0
177,Cryptococcus,neoformans var. grubii Bt115,0
178,Cryptococcus,neoformans var. grubii PLR10,0
179,Cryptococcus,neoformans var. grubii AD6-54a,0
180,Cryptococcus,neoformans var. grubii Bt157,0
181,Cryptococcus,neoformans var. grubii Jp1088,0
182,Cryptococcus,neoformans var. grubii Bt147,0
183,Cryptococcus,neoformans var. grubii Bt152,0
184,Cryptococcus,neoformans var. grubii AD5-39a,0
185,Cryptococcus,neoformans var. grubii Bt143,0
186,Cryptococcus,neoformans var. grubii RTC3,0
187,Cryptococcus,neoformans var. grubii Tu422-1,0
188,Cryptococcus,neoformans var. grubii AD1-90a,0
189,Cryptococcus,neoformans var. grubii RTC5,0
190,Cryptococcus,neoformans var. grubii In2632,0
191,Cryptococcus,neoformans var. grubii AD5-67a,0
192,Cryptococcus,neoformans var. grubii RTC1,0
193,Cryptococcus,neoformans var. grubii AD3-55a,0
194,Cryptococcus,neoformans var. grubii AD4-76a,0
195,Cryptococcus,neoformans var. grubii Bt133,0
196,Cryptococcus,neoformans var. grubii Bt125,0
197,Cryptococcus,neoformans var. grubii Pr284-1,0
198,Cryptococcus,neoformans var. grubii AD1-95a,0
199,Cryptococcus,neoformans var. grubii AD5-53a,0
200,Cryptococcus,neoformans var. grubii Ug2462,0
201,Cryptococcus,neoformans var. grubii Bt148,0
202,Cryptococcus,neoformans var. grubii Bt4,0
203,Cryptococcus,neoformans var. grubii Bt158,0
204,Cryptococcus,neoformans var. grubii 8-1,0
205,Cryptococcus,neoformans var. grubii Bt138,0
206,Cryptococcus,neoformans var. grubii Tu248-1,0
207,Cryptococcus,neoformans var. grubii Tu360-1,0
208,Cryptococcus,neoformans var. grubii AD2-04a,0
209,Cryptococcus,neoformans var. grubii AD4-47a,0
210,Cryptococcus,neoformans var. grubii MW-RSA3179,0
211,Cryptococcus,neoformans var. grubii Ug2463,0
212,Cryptococcus,neoformans var. grubii AD3-83a,0
213,Cryptococcus,neoformans var. grubii AD1-86a,0
214,Cryptococcus,neoformans var. grubii AD2-6a,0
215,Cryptococcus,neoformans var. grubii Tu416-1,0
216,Cryptococcus,neoformans var. grubii Bt131,0
217,Cryptococcus,neoformans var. grubii Bt136,0
218,Cryptococcus,neoformans var. grubii LP-RSA3144,0
219,Cryptococcus,neoformans var. grubii C12,0
220,Cryptococcus,neoformans var. grubii LP-RSA756,0
221,Cryptococcus,neoformans var. grubii Bt162,0
222,Cryptococcus,neoformans var. grubii Bt154,0
223,Cryptococcus,neoformans var. grubii Bt208,0
224,Cryptococcus,neoformans var. grubii Bt149,0
225,Cryptococcus,neoformans var. grubii Arg1366,0
226,Cryptococcus,neoformans var. grubii MW-RSA1607,0
227,Cryptococcus,neoformans var. grubii Bt105,0
228,Cryptococcus,neoformans var. grubii Tu369-1,0
229,Cryptococcus,neoformans var. grubii MW-RSA1186,0
230,Cryptococcus,neoformans var. grubii AD2-82a,0
231,Cryptococcus,neoformans var. grubii MW-RSA2967,0
232,Cryptococcus,neoformans var. grubii LP-RSA6618,0
233,Cryptococcus,neoformans var. grubii AD6-55a,0
234,Cryptococcus,neoformans var. grubii MW-RSA3321,0
235,Cryptococcus,neoformans var. grubii AD1-68a,0
236,Cryptococcus,neoformans var. grubii Bt102,0
237,Cryptococcus,neoformans var. grubii Bt101,0
238,Cryptococcus,neoformans var. grubii Bt100,0
239,Cryptococcus,neoformans var. grubii Bt25,0
240,Cryptococcus,neoformans var. grubii Bt10,0
241,Cryptococcus,neoformans var. grubii Bt24,0
242,Cryptococcus,neoformans var. grubii A7-35-23,0
243,Cryptococcus,neoformans var. grubii Bt22,0
244,Cryptococcus,neoformans var. grubii Bt150,0
245,Cryptococcus,neoformans var. grubii A3-1-1,0
246,Cryptococcus,neoformans var. grubii Bt103,0
247,Cryptococcus,neoformans var. grubii 32048,0
248,Cryptococcus,neoformans var. grubii Bt151,0
249,Cryptococcus,neoformans var. grubii Bt126,0
250,Cryptococcus,neoformans var. grubii Bt111,0
251,Cryptococcus,neoformans var. grubii A4-34-6,0
252,Cryptococcus,neoformans var. grubii Bt141,0
253,Cryptococcus,neoformans var. grubii Bt123,0
254,Cryptococcus,neoformans var. grubii A4-1-12,0
255,Cryptococcus,neoformans var. grubii Bt139,0
256,Cryptococcus,neoformans var. grubii Bt121,0
257,Cryptococcus,neoformans var. grubii Bt110,0
258,Cryptococcus,neoformans var. grubii A3-38-20,0
259,Cryptococcus,neoformans var. grubii Bt161,0
260,Cryptococcus,neoformans var. grubii Bt137,0
261,Cryptococcus,neoformans var. grubii Bt119,0
262,Cryptococcus,neoformans var. grubii Bt11,0
263,Cryptococcus,neoformans var. grubii Bt160,0
264,Cryptococcus,neoformans var. grubii Bt134,0
265,Cryptococcus,neoformans var. grubii Bt118,0
266,Cryptococcus,neoformans var. grubii Bt108,0
267,Cryptococcus,neoformans var. grubii Bt156,0
268,Cryptococcus,neoformans var. grubii Bt130,0
269,Cryptococcus,neoformans var. grubii Bt117,0
270,Cryptococcus,neoformans var. grubii Bt107,0
271,Cryptococcus,neoformans var. grubii Bt155,0
272,Cryptococcus,neoformans var. grubii Bt129,0
273,Cryptococcus,neoformans var. grubii Bt116,0
274,Cryptococcus,neoformans var. grubii Bt106,0
275,Cryptococcus,neoformans var. grubii Bt153,0
276,Cryptococcus,neoformans var. grubii Bt127,0
277,Cryptococcus,neoformans var. grubii Bt114,0
278,Cryptococcus,neoformans var. grubii Bt104,0
279,Cryptococcus,neoformans var. grubii T4,0
280,Cryptococcus,neoformans var. grubii LP-RSA1684,0
281,Cryptococcus,neoformans var. grubii Bt8,0
282,Cryptococcus,neoformans var. grubii Bt58,0
283,Cryptococcus,neoformans var. grubii Bt30,0
284,Cryptococcus,neoformans var. grubii Bt211,0
285,Cryptococcus,neoformans var. grubii MW-RSA6134,0
286,Cryptococcus,neoformans var. grubii Jo278-1,0
287,Cryptococcus,neoformans var. grubii Bt57,0
288,Cryptococcus,neoformans var. grubii Bt3,0
289,Cryptococcus,neoformans var. grubii Bt210,0
290,Cryptococcus,neoformans var. grubii MW-RSA606,0
291,Cryptococcus,neoformans var. grubii C27,0
292,Cryptococcus,neoformans var. grubii Bt79,0
293,Cryptococcus,neoformans var. grubii Bt51,0
294,Cryptococcus,neoformans var. grubii Bt29,0
295,Cryptococcus,neoformans var. grubii Bt209,0
296,Cryptococcus,neoformans var. grubii MW-RSA5387,0
297,Cryptococcus,neoformans var. grubii Bt95,0
298,Cryptococcus,neoformans var. grubii Bt78,0
299,Cryptococcus,neoformans var. grubii Bt49,0
300,Cryptococcus,neoformans var. grubii Bt28,0
301,Cryptococcus,neoformans var. grubii MW-RSA4119,0
302,Cryptococcus,neoformans var. grubii Bt93,0
303,Cryptococcus,neoformans var. grubii Bt77,0
304,Cryptococcus,neoformans var. grubii Bt48,0
305,Cryptococcus,neoformans var. grubii Bt23,0
306,Cryptococcus,neoformans var. grubii Bt207,0
307,Cryptococcus,neoformans var. grubii MW-RSA1869,0
308,Cryptococcus,neoformans var. grubii Bt90,0
309,Cryptococcus,neoformans var. grubii Bt72,0
310,Cryptococcus,neoformans var. grubii Bt42,0
311,Cryptococcus,neoformans var. grubii Bt214,0
312,Cryptococcus,neoformans var. grubii Bt205,0
313,Cryptococcus,neoformans var. grubii WM148,0
314,Cryptococcus,neoformans var. grubii LP-RSA848,0
315,Cryptococcus,neoformans var. grubii Bt87,0
316,Cryptococcus,neoformans var. grubii Bt6,0
317,Cryptococcus,neoformans var. grubii Bt37,0
318,Cryptococcus,neoformans var. grubii Bt213,0
319,Cryptococcus,neoformans var. grubii Bt203,0
320,Cryptococcus,neoformans var. grubii Th206,0
321,Cryptococcus,neoformans var. grubii Bt83,0
322,Cryptococcus,neoformans var. grubii Bt59,0
323,Cryptococcus,neoformans var. grubii Bt212,0
324,Cryptococcus,neoformans var. grubii Bt163,0
325,Cryptococcus,neoformans var. grubii WM629,0
326,Cryptococcus,neoformans var. grubii LP-RSA1343,0
327,Cryptococcus,neoformans var. grubii Bt88,0
328,Cryptococcus,neoformans var. grubii Bt54,0
329,Cryptococcus,neoformans var. grubii Bt38,0
330,Cryptococcus,neoformans var. grubii Bt84,0
331,Cryptococcus,neoformans var. grubii Bt53,0
332,Cryptococcus,neoformans var. grubii Bt36,0
333,Cryptococcus,neoformans var. grubii LP-RSA116,0
334,Cryptococcus,neoformans var. grubii Bt81,0
335,Cryptococcus,neoformans var. grubii Bt52,0
336,Cryptococcus,neoformans var. grubii Bt34,0
337,Cryptococcus,neoformans var. grubii IUM 96-28-28,0
338,Cryptococcus,neoformans var. grubii Bt76,0
339,Cryptococcus,neoformans var. grubii Bt50,0
340,Cryptococcus,neoformans var. grubii Tu241-1,0
341,Cryptococcus,neoformans var. grubii Gb159-1,0
342,Cryptococcus,neoformans var. grubii Bt75,0
343,Cryptococcus,neoformans var. grubii Bt5,0
344,Cryptococcus,neoformans var. grubii Bt33,0
345,Cryptococcus,neoformans var. grubii MW-RSA2628,0
346,Cryptococcus,neoformans var. grubii Bt92,0
347,Cryptococcus,neoformans var. grubii Bt56,0
348,Cryptococcus,neoformans var. grubii Bt41,0
349,Cryptococcus,neoformans var. grubii Bt32,0
350,Cryptococcus,neoformans var. grubii LP-RSA3042,0
351,Cryptococcus,neoformans var. grubii Bt9,0
352,Cryptococcus,neoformans var. grubii Bt55,0
353,Cryptococcus,neoformans var. grubii Bt40,0
354,Cryptococcus,neoformans var. grubii Bt31,0
355,Cryptococcus,neoformans var. grubii LP-RSA2296,0
356,Cryptococcus,neoformans var. grubii Bt89,0
357,Cryptococcus,neoformans var. grubii Bt39,0
358,Cryptococcus,neoformans var. grubii Bt27,0
359,Cryptococcus,neoformans Bt85,0
360,Cryptococcus,neoformans Bt63,1
361,Cryptococcus,neoformans CHC193,0
362,Cryptococcus,neoformans Bt120,0
363,Cryptococcus,neoformans Gb118,0
364,Cryptococcus,neoformans Br795,0
365,Cryptococcus,neoformans C45,0
366,Cryptococcus,neoformans Bt15,0
367,Cryptococcus,neoformans Bt206,1
368,Cryptococcus,neoformans Th84,0
369,Cryptococcus,neoformans C8,0
370,Cryptococcus,neoformans C23,0
371,Cryptococcus,neoformans Bt1,1
372,Cryptococcus,neoformans 125.91,0
373,Cryptococcus,amylolentus CBS 6039,0
374,Cryptococcus,depauperatus CBS 7855,0
375,Cryptococcus,depauperatus CBS 7841,0
376,Cryptococcus,wingfieldii CBS 7118,0
377,Cryptococcus,neoformans var. grubii F0 and F2,0
378,Cryptococcus,gattii R265_GFP14,0
379,Cryptococcus,gattii NIH312,0
380,Cryptococcus,gattii LMM265,0
381,Cryptococcus,gattii LA362,0
382,Cryptococcus,gattii ICB184,0
383,Cryptococcus,gattii ICB180,0
384,Cryptococcus,gattii ENV152,0
385,Cryptococcus,gattii EJB52,0
386,Cryptococcus,gattii EJB18,0
387,Cryptococcus,gattii NIH312 x CBS 10090,0
388,Cryptococcus,gattii CDC R271,0
389,Cryptococcus,gattii CDC F3016,0
390,Cryptococcus,gattii CDC F2932,0
391,Cryptococcus,gattii CBS 8684,0
392,Cryptococcus,gattii CBS 7229,0
393,Cryptococcus,gattii CBS 6993,0
394,Cryptococcus,gattii CBS 6955,0
395,Cryptococcus,gattii CBS 1930,0
396,Cryptococcus,gattii CBS 10485,0
397,Cryptococcus,gattii VGIV CBS 10101,0
398,Cryptococcus,gattii CBS 10089,0
399,Cryptococcus,neoformans var. grubii A1-35-8,0
400,Cryptococcus,neoformans var. grubii A5-35-17,0
401,Cryptococcus,neoformans var. grubii 125.91,1
402,Cryptococcus,neoformans var. grubii Ze90-1,0
403,Cryptococcus,neoformans var. grubii Tu401-1,0
404,Cryptococcus,neoformans var. grubii Bt85,0
405,Cryptococcus,neoformans var. grubii Bt63,0
406,Cryptococcus,neoformans var. grubii Bt206,0
407,Cryptococcus,neoformans var. grubii Bt1,0
408,Cryptococcus,neoformans var. grubii Tu259-1,0
409,Cryptococcus,neoformans var. grubii Bt15,0
410,Cryptococcus,neoformans var. grubii Bt120,0
411,Cryptococcus,neoformans var. grubii MW-RSA852,0
412,Cryptococcus,neoformans var. grubii c45,0
413,Cryptococcus,neoformans var. grubii Th84,0
414,Cryptococcus,neoformans var. grubii MW-RSA1955,0
415,Cryptococcus,neoformans var. grubii AD1-83a,0
416,Cryptococcus,neoformans var. grubii CHC193,0
417,Cryptococcus,neoformans var. grubii c8,0
418,Cryptococcus,neoformans var. grubii MW-RSA36,0
419,Cryptococcus,neoformans var. grubii Br795,0
420,Cryptococcus,neoformans var. grubii Gb118,0
421,Cryptococcus,neoformans var. grubii AD2-60a,0
422,Cryptococcus,neoformans var. grubii D17-1,0
423,Cryptococcus,neoformans var. grubii A2-102-5,0
424,Cryptococcus,neoformans var. grubii AD1-7a,0
425,Cryptococcus,neoformans var. grubii C23,0
426,Cryptococcus,neoformans Tu401-MP_2,0
427,Cryptococcus,neoformans Tu401-MP_1,0
428,Cryptococcus,neoformans Bt85-MP_2,0
429,Cryptococcus,neoformans Bt85-MP_1,0
430,Cryptococcus,neoformans CHC193-MP_2,0
431,Cryptococcus,neoformans CHC193-MP_1,0
432,Cryptococcus,neoformans H99-MP_2,0
433,Cryptococcus,neoformans H99-MP_1,0
434,Cryptococcus,neoformans A5-MP_2,0
435,Cryptococcus,neoformans A5-MP_1,0
436,Cryptococcus,neoformans A1-MP_2,0
437,Cryptococcus,neoformans A1-MP_1,0
438,Cryptococcus,neoformans C23-MP_2,0
439,Cryptococcus,neoformans C23-MP_1,0
440,Cryptococcus,neoformans C23-LIM_2,0
441,Cryptococcus,neoformans C23-LIM_1,0
442,Cryptococcus,neoformans C23-PG_2,0
443,Cryptococcus,neoformans C23-PG_1,0
444,Cryptococcus,neoformans C23-YPD_2,0
445,Cryptococcus,neoformans C23-YPD_1,0
446,Cryptococcus,neoformans Tu401-LIM_2,0
447,Cryptococcus,neoformans Tu401-LIM_1,0
448,Cryptococcus,neoformans Tu401-PG_2,0
449,Cryptococcus,neoformans Tu401-PG_1,0
450,Cryptococcus,neoformans Tu401-YPD_2,0
451,Cryptococcus,neoformans Tu401-YPD_1,0
452,Cryptococcus,neoformans Bt85-LIM_2,0
453,Cryptococcus,neoformans Bt85-LIM_1,0
454,Cryptococcus,neoformans Bt85-PG_2,0
455,Cryptococcus,neoformans Bt85-PG_1,0
456,Cryptococcus,neoformans Bt85-YPD_2,0
457,Cryptococcus,neoformans Bt85-YPD_1,0
458,Cryptococcus,neoformans CHC193-LIM_2,0
459,Cryptococcus,neoformans CHC193-LIM_1,0
460,Cryptococcus,neoformans CHC193-PG_2,0
461,Cryptococcus,neoformans CHC193-PG_1,0
462,Cryptococcus,neoformans CHC193-YPD_2,0
463,Cryptococcus,neoformans CHC193-YPD_1,0
464,Cryptococcus,neoformans H99-LIM_2,0
465,Cryptococcus,neoformans H99-LIM_1,0
466,Cryptococcus,neoformans H99-PG_2,0
467,Cryptococcus,neoformans H99-PG_1,0
468,Cryptococcus,neoformans H99-YPD_2,0
469,Cryptococcus,neoformans H99-YPD_1,0
470,Cryptococcus,neoformans A5-LIM_2,0
471,Cryptococcus,neoformans A5-LIM_1,0
472,Cryptococcus,neoformans A5-PG_2,0
473,Cryptococcus,neoformans A5-PG_1,0
474,Cryptococcus,neoformans A5-YPD_2,0
475,Cryptococcus,neoformans A5-YPD_1,0
476,Cryptococcus,neoformans A1-LIM_2,0
477,Cryptococcus,neoformans A1-LIM_1,0
478,Cryptococcus,neoformans A1-PG_2,0
479,Cryptococcus,neoformans A1-PG_1,0
480,Cryptococcus,neoformans A1-YPD_2,0
481,Cryptococcus,neoformans A1-YPD_1,0
482,Cryptococcus,neoformans CCPT32,0
483,Cryptococcus,neoformans CCPT20,0
484,Cryptococcus,neoformans RCT35,0
485,Cryptococcus,neoformans RCT18,0
486,Cryptococcus,neoformans CCPT22,0
487,Cryptococcus,neoformans RCT48,0
488,Cryptococcus,neoformans CCPT2,0
489,Cryptococcus,neoformans CCPT35,0
490,Cryptococcus,neoformans RCT8,0
491,Cryptococcus,neoformans RCT47,0
492,Cryptococcus,neoformans CCPT10,0
493,Cryptococcus,neoformans RCT39,0
494,Cryptococcus,neoformans RCT38,0
495,Cryptococcus,neoformans RCT29,0
496,Cryptococcus,gattii WM276,171
497,Cryptococcus,gattii VGII R265,195
498,Cryptococcus,neoformans var. neoformans B-3501A,6
499,Cryptococcus,neoformans var. grubii H99,307
500,Cryptococcus,neoformans var. neoformans JEC21,248
501,Parastagonospora,avenae f. sp. tritici 18332-5,0
502,Parastagonospora,nodorum Sn79,0
503,Parastagonospora,avenae f. sp. tritici 6 MM-2012,7
504,Parastagonospora,avenae f. sp. tritici 5 MM-2012,7
505,Parastagonospora,avenae f. sp. tritici 4 MM-2012,10
506,Parastagonospora,avenae f. sp. tritici 3 MM-2012,6
507,Parastagonospora,avenae f. sp. tritici 1 MM-2012,73
508,Parastagonospora,nodorum SN15,596
509,Fusarium,oxysporum f. sp. cubense race 2,0
510,Fusarium,oxysporum f. sp. lycopersici 4286,0
511,Fusarium,oxysporum GO-2016,24
512,Fusarium,graminearum CS3005,0
513,Fusarium,oxysporum f. sp. lycopersici 207,0
514,Fusarium,culmorum CS7071,0
515,Fusarium,acuminatum CS5907,0
516,Fusarium,pseudograminearum CS5834,0
517,Fusarium,pseudograminearum CS3487,0
518,Fusarium,pseudograminearum CS3427,0
519,Fusarium,pseudograminearum CS3220,0
520,Fusarium,fujikuroi IMI 58289,566
521,Fusarium,oxysporum f. sp. cubense race 1,4
522,Fusarium,proliferatum ET1,0
523,Fusarium,fujikuroi B14,0
524,Fusarium,oxysporum BFOL-51,0
525,Fusarium,oxysporum f. sp. raphani 54005,2
526,Fusarium,oxysporum f. sp. conglutinans race 2 54008,1
527,Fusarium,oxysporum f. sp. melonis 26406,1
528,Fusarium,odoratissimum NRRL 54006,1
529,Fusarium,oxysporum f. sp. vasinfectum 25433,2
530,Fusarium,oxysporum f. sp. radicis-lycopersici 26381,1
531,Fusarium,oxysporum f. sp. pisi HDV247,2
532,Fusarium,oxysporum f. sp. lycopersici MN25,2
533,Fusarium,circinatum FSP 34,0
534,Fusarium,asiaticum SCK04,0
535,Fusarium,pseudograminearum CS3096,0
536,Fusarium,virguliforme Mont-1,0
537,Fusarium,oxysporum Cotton,0
538,Fusarium,oxysporum HDV247,0
539,Fusarium,oxysporum MN-14,0
540,Fusarium,oxysporum f. sp. lycopersici DF0-68,0
541,Fusarium,oxysporum f. sp. lycopersici DF0-62,0
542,Fusarium,oxysporum f. sp. lycopersici DF0-41,0
543,Fusarium,oxysporum f. sp. lycopersici DF0-40,0
544,Fusarium,oxysporum f. sp. lycopersici DF0-38,0
545,Fusarium,oxysporum f. sp. lycopersici DF0-23,0
546,Fusarium,oxysporum f. sp. lycopersici CA92/95,0
547,Fusarium,oxysporum f. sp. lycopersici 5397,0
548,Fusarium,oxysporum f. sp. lycopersici 14844(M1943),0
549,Fusarium,oxysporum f. sp. lycopersici LSU-7,0
550,Fusarium,oxysporum f. sp. lycopersici LSU-3,0
551,Fusarium,oxysporum f. sp. lycopersici IPO1530 / B1,0
552,Fusarium,oxysporum f. sp. lycopersici WCS852 / E241,0
553,Fusarium,oxysporum FOL 4287,0
554,Fusarium,oxysporum NRRL 25433,0
555,Fusarium,oxysporum NRRL 26406,0
556,Fusarium,oxysporum II5,0
557,Fusarium,oxysporum PHW815,0
558,Fusarium,oxysporum CL57,0
559,Fusarium,oxysporum PHW808,0
560,Fusarium,oxysporum 247,0
561,Fusarium,oxysporum NRRL 32931,0
562,Fusarium,oxysporum MN25,0
563,Fusarium,oxysporum Fo47,716
564,Fusarium,oxysporum Fov24500,0
565,Fusarium,oxysporum f. sp. conglutinans Fo5176,3
566,Fusarium,graminearum GZ3639,1
567,Fusarium,oxysporum f. sp. lycopersici 4287,3
568,Fusarium,verticillioides 7600,1
569,Fusarium,graminearum PH-1,594
570,Neocucurbitaria,cava Gall_31,0
571,Phoma,aliena Gall_28,0
572,Delitschia,confertaspora ATCC 74209,2
573,Aspergillus,nomiae NRRL 13137,7
574,Aspergillus,fumigatus GA-L8,0
575,Aspergillus,fumigatus GA-L7,0
576,Aspergillus,niger NRRL3,0
577,Aspergillus,indologenus CBS 114.80,0
578,Aspergillus,saccharolyticus JOP 1030-1,0
579,Aspergillus,violaceofuscus CBS 115571,0
580,Aspergillus,homomorphus CBS 101889,0
581,Aspergillus,sclerotioniger CBS 115572,0
582,Aspergillus,brunneoviolaceus CBS 621.78,0
583,Aspergillus,niger CBS 101883,0
584,Aspergillus,aculeatinus CBS 121060,0
585,Aspergillus,heteromorphus CBS 117.55,0
586,Aspergillus,ellipticus CBS 707.79,0
587,Aspergillus,fijiensis CBS 313.89,0
588,Aspergillus,sclerotiicarbonarius CBS 121057,0
589,Aspergillus,costaricaensis CBS 115574,0
590,Aspergillus,ibericus CBS 121593,0
591,Aspergillus,uvarum CBS 121591,0
592,Aspergillus,eucalypticola CBS 122712,0
593,Aspergillus,piperis CBS 112811,0
594,Aspergillus,japonicus CBS 114.51,0
595,Aspergillus,vadensis CBS 113365,0
596,Aspergillus,neoniger CBS 115656,0
597,Aspergillus,oryzae HBR9,0
598,Aspergillus,fumigatus Z5,6
599,Aspergillus,parasiticus FRR 2744,0
600,Aspergillus,flavus FRR 2807,0
601,Aspergillus,flavus FRR 2757,0
602,Aspergillus,flavus FRR 3643,0
603,Aspergillus,oryzae FRR 2336,0
604,Aspergillus,minisclerotigenes FRR 4937,0
605,Aspergillus,minisclerotigenes FRR 3382,0
606,Aspergillus,minisclerotigenes FRR 4086,0
607,Aspergillus,nomiae FRR 3547,0
608,Aspergillus,nomiae FRR 3546,0
609,Aspergillus,nomiae FRR 3543,0
610,Aspergillus,parasiticus FRR 3282,0
611,Aspergillus,flavus FRR 342,0
612,Aspergillus,parasiticus FRR 5191,0
613,Aspergillus,oryzae FRR 3809,0
614,Aspergillus,oryzae FRR 3698,0
615,Aspergillus,flavus FRR 4351,0
616,Aspergillus,parasiticus SU-1,6
617,Aspergillus,ochraceoroseus IBT 24754,0
618,Aspergillus,novofumigatus IBT 16806,0
619,Aspergillus,steynii IBT 23096,0
620,Aspergillus,campestris IBT 28561,0
621,Aspergillus,flavus AF70,5
622,Aspergillus,ruber CBS 135680,1
623,Aspergillus,niveus Fum1,0
624,Aspergillus,niger ATCC 13496,0
625,Aspergillus,phoenicis ATCC 13157,0
626,Aspergillus,niger SH-2,0
627,Aspergillus,fumigatus CEA17,0
628,Aspergillus,nidulans TN02A3,0
629,Aspergillus,oryzae 100-8,0
630,Aspergillus,oryzae AS 3.863,0
631,Aspergillus,oryzae AS 3.951,0
632,Aspergillus,oryzae 3.042,4
633,Aspergillus,glaucus CBS 516.65,0
634,Aspergillus,nidulans NRRL 8112,0
635,Aspergillus,oryzae RIB326,0
636,Aspergillus,foetidus CBS 124.49,0
637,Aspergillus,luchuensis CBS 106.47,0
638,Aspergillus,fumigatus v67-36,0
639,Aspergillus,fumigatus v67-37,0
640,Aspergillus,wentii DTO 134E9,0
641,Aspergillus,sydowii CBS 593.65,0
642,Aspergillus,versicolor CBS 583.65,0
643,Aspergillus,sojae CBS 100928,0
644,Aspergillus,fumigatus Af10,0
645,Aspergillus,luchuensis IFO 4308,490
646,Aspergillus,sojae NBRC 4239,0
647,Aspergillus,fumigatus AF210,0
648,Aspergillus,tubingensis CBS 134.48,0
649,Aspergillus,brasiliensis CBS 101740,0
650,Aspergillus,terreus ATCC 32359,0
651,Aspergillus,aculeatus ATCC 16872,1
652,Aspergillus,carbonarius ITEM 5010,0
653,Aspergillus,oryzae RIB40,551
654,Aspergillus,fumigatus CEA10,0
655,Aspergillus,fumigatus A1163,5
656,Aspergillus,niger CBS 513.88,583
657,Aspergillus,niger ATCC 1015,7
658,Aspergillus,clavatus NRRL 1,6
659,Aspergillus,terreus NIH2624,11
660,Aspergillus,flavus NRRL3357,600
661,Aspergillus,fischeri NRRL 181,12
662,Aspergillus,fumigatus Af293,65
663,Aspergillus,terreus ATCC 20542,0
664,Aspergillus,nidulans FGSC A4,565
665,Colletotrichum,nymphaeae SA-01,1
666,Colletotrichum,fioriniae PJ7,1
667,Colletotrichum,graminicola MAFF 511343,0
668,Colletotrichum,graminicola DSMZ 63127,0
669,Colletotrichum,graminicola NRRL 13649,0
670,Colletotrichum,graminicola iJAB2,0
671,Colletotrichum,graminicola NRRL 47511,0
672,Colletotrichum,graminicola CBS 113173,0
673,Colletotrichum,fioriniae MH 18,0
674,Colletotrichum,gloeosporioides 23,0
675,Colletotrichum,gloeosporioides Cg-14,0
676,Colletotrichum,fructicola Nara gc5,2
677,Colletotrichum,orbiculare MAFF 240422,0
678,Colletotrichum,gloeosporioides HBCg01,5
679,Colletotrichum,higginsianum IMI 349063,4
680,Colletotrichum,graminicola M1.001,5
681,Amanita,inopinata Kibby_2008,0
682,Amanita,polypyramis BW_CC,0
683,Amanita,muscaria var. guessowii Koide BX008,0
684,Amanita,brunnescens Koide BX004,0
685,Amanita,jacksonii TRTC168611,0
686,Amanita,exitialis PL-2013,0
687,Amanita,crenulata MM 9.01.06,0
688,Amanita,muscaria Koide BX008,0
689,Amanita,thiersii Skay4041,0
690,Volvariella,volvacea WC 439,0
691,Volvariella,volvacea PYd21,15
692,Volvariella,volvacea V23,3
693,Anncaliia,algerae AA3H,0
694,Anncaliia,algerae Human Fibroblast 002,0
695,Anncaliia,algerae Anncalia 001,0
696,Anncaliia,algerae AA1HC,0
697,Anncaliia,algerae AA1HI,0
698,Anncaliia,algerae AA2HC,0
699,Anncaliia,algerae AA2HI,0
700,Anncaliia,algerae PRA339,0
701,Anncaliia,algerae PRA109,0
702,Rhizoctonia,solani AG-3 PT,0
703,Rhizoctonia,solani 123E,0
704,Rhizoctonia,solani AG-8 WAC10335,0
705,Rhizoctonia,solani AG-3 Rhs1AP,0
706,Corynespora,cassiicola UM 591,0
707,Corynespora,cassiicola Philippines,1
708,Candida,tropicalis RNA_Ct3-2,0
709,Candida,tropicalis RNA_Ct3-1,0
710,Candida,tropicalis RNA_Ct2-2,0
711,Candida,tropicalis RNA_Ct2-1,0
712,Candida,tropicalis RNA_Ct1-2,0
713,Candida,tropicalis RNA_Ct1-1,0
714,Candida,albicans RNA_CTR0-3,0
715,Candida,albicans RNA_CTR0-2,0
716,Candida,albicans RNA_CTR0-1,0
717,Candida,albicans RNA_12C-3,0
718,Candida,albicans RNA_12C-2,0
719,Candida,albicans RNA_12C-1,0
720,Candida,albicans RNA_GC75-3,0
721,Candida,albicans RNA_GC75-2,0
722,Candida,albicans RNA_GC75-1,0
723,Candida,albicans RNA_SC5314-3,0
724,Candida,albicans RNA_SC5314-2,0
725,Candida,albicans RNA_SC5314-1,0
726,Candida,albicans EVO_P78048-3,0
727,Candida,albicans EVO_P78048-2,0
728,Candida,albicans EVO_P76055-2,0
729,Candida,albicans EVO_P76055-1,0
730,Candida,albicans EVO_P57056-2,0
731,Candida,albicans EVO_P57056-1,0
732,Candida,parapsilosis GA1,0
733,Candida,parapsilosis CBS 6318,0
734,Candida,parapsilosis CBS 1954,0
735,Candida,orthopsilosis MCO456,0
736,Candida,albicans DAY25,0
737,Candida,albicans CW704,0
738,Candida,albicans CW700,0
739,Candida,albicans CW696,0
740,Candida,albicans CEC3943,0
741,Candida,albicans CEC2023,0
742,Candida,albicans Ca529L,0
743,Candida,tropicalis ATCC 200956,0
744,Candida,tropicalis ADL-339,0
745,Candida,albicans ADL-116,0
746,Candida,maltosa Xu316,1
747,Candida,parapsilosis CAB50-2638,0
748,Candida,tropicalis CAB54-6763-3,0
749,Candida,orthopsilosis AY2,0
750,Candida,albicans A203,0
751,Candida,albicans A84,0
752,Candida,albicans A155,0
753,Candida,albicans A123,0
754,Candida,albicans A92,0
755,Candida,albicans A67,0
756,Candida,albicans A48,0
757,Candida,albicans A20,0
758,Candida,albicans CHN1,0
759,Candida,albicans 3153A,1
760,Candida,albicans Ca6,0
761,Candida,orthopsilosis Co 90-125,143
762,Candida,albicans P78042,0
763,Candida,albicans P76067,0
764,Candida,albicans P76055,0
765,Candida,albicans P75063,0
766,Candida,albicans P57055,0
767,Candida,albicans P75016,0
768,Candida,albicans P75010,0
769,Candida,albicans P37039,0
770,Candida,albicans P37037,0
771,Candida,albicans P34048,0
772,Candida,albicans P57072,0
773,Candida,albicans P78048,0
774,Candida,albicans GC75,0
775,Candida,albicans 19F,0
776,Candida,albicans P60002,0
777,Candida,albicans P37005,0
778,Candida,albicans P87,0
779,Candida,albicans P94015,0
780,Candida,albicans L26,0
781,Candida,albicans 12C,0
782,Candida,albicans 28C,0
783,Candida,albicans 28A,0
784,Candida,albicans 28I,0
785,Candida,albicans 23F,0
786,Candida,albicans 25P,0
787,Candida,albicans 18J,0
788,Candida,albicans 11C,0
789,Candida,albicans 22K,0
790,Candida,albicans 22O,0
791,Candida,albicans 25M,0
792,Candida,albicans 28H,0
793,Candida,albicans 25O,0
794,Candida,albicans 23G,0
795,Candida,albicans 24E,0
796,Candida,albicans 18E,0
797,Candida,albicans 18K,0
798,Candida,albicans 22C,0
799,Candida,albicans 18M,0
800,Candida,albicans 23K,0
801,Candida,albicans 22F,0
802,Candida,albicans 23C,0
803,Candida,albicans 24F,0
804,Candida,albicans 11E,0
805,Candida,albicans 24C,0
806,Candida,albicans 24A,0
807,Candida,albicans 25N,0
808,Candida,albicans 23P,0
809,Candida,albicans 23Q,0
810,Candida,albicans 23B,0
811,Candida,albicans 23R,0
812,Candida,albicans CAS15,0
813,Candida,dubliniensis CD36,141
814,Candida,tropicalis CBS 94,0
815,Candida,albicans 1161,0
816,Candida,albicans WO-1,0
817,Candida,tropicalis MYA-3404,0
818,Candida,albicans SC5314,220
819,Taphrina,populina JCM 22190,0
820,Taphrina,flavorubra JCM 22207,0
821,Taphrina,deformans JCM 22205,0
822,Taphrina,wiesneri JCM 22204,0
823,Taphrina,betulina PYCC 5889,0
824,Taphrina,deformans PYCC 5710,1
825,Neocallimastix,frontalis 27,0
826,Guyanagaster,necrorhizus MCA 3950,0
827,Microthyrium,microscopicum CBS 115976,5
828,Coccodinium,bartschii CBS 121709,0
829,Trichocladium,antarctica CBS 123565,0
830,Gyrodon,lividus BX,0
831,Gyrodon,lividus Bazas,0
832,Aaosphaeria,arxii CBS 175.79,6
833,Magnusiomyces,capitatus CNRMA 12.647,0
834,Magnusiomyces,capitatus NRRL Y-17686,0
835,Magnusiomyces,magnusii CBS 234.85,0
836,Magnusiomyces,ingens NRRL Y-17630,0
837,Magnusiomyces,tetraspermus NRRL Y-7288,0
838,Hydnum,rufescens UP504,0
839,Macroventuria,anomochaeta CBS 525.71,5
840,Trematosphaeria,pertusa CBS 122368,3
841,Melanogaster,broomeanus MBLB.BST,1
842,Gymnopus,androsaceus JB14,1
843,Gymnopus,dryophilus JGI SC001DCMIDF,0
844,Gymnopus,luxurians FD-317 M1,0
845,Bimuria,novae-zelandiae CBS 107.79,3
846,Hysterangium,stoloniferum HS.BST,0
847,Lophium,mytilinum CBS 269.34,3
848,Polytolypa,hystricis UAMH7299,0
849,Helicocarpus,griseus UAMH5409,0
850,Emergomyces,pasteurianus Ep9510,0
851,Sporisorium,scitamineum JG36,0
852,Sporisorium,reilianum SRZ2,205
853,Trametes,cinnabarina BRFM137,3
854,Trametes,coccinea BRFM310,0
855,Trametes,versicolor 84,0
856,Trametes,cingulata TCM6,0
857,Trametes,versicolor FP-101664 SS1,4
858,Yarrowia,lipolytica PO1f,1
859,Yarrowia,lipolytica WSH-Z06,0
860,Yarrowia,lipolytica CLIB 89,0
861,Yarrowia,lipolytica CLIB122,129
862,Fonsecaea,multimorphosa CBS 102226,0
863,Fonsecaea,pedrosoi CBS 271.37,0
864,Cladophialophora,bantiana CBS 173.52,0
865,Cladophialophora,carrionii CBS 160.54,0
866,Cladophialophora,yegresii CBS 114405,0
867,Cladophialophora,psammophila CBS 110553,0
868,Rhinocladiella,mackenziei CBS 650.93,0
869,Ochroconis,constricta UM 578,0
870,Umbelopsis,isabellina NBRC 7884,0
871,Umbelopsis,isabellina B7317,0
872,Umbelopsis,ramanniana AG,0
873,Pyricularia,oryzae Mo-nwi-55,0
874,Pyricularia,oryzae MG01,0
875,Pyricularia,oryzae FJ81278,0
876,Pyricularia,oryzae HN19311,0
877,Pyricularia,oryzae B157,0
878,Pyricularia,oryzae 4091-5-8,0
879,Pyricularia,oryzae KJ201,0
880,Pyricularia,grisea W97-11,0
881,Pyricularia,oryzae P131,8
882,Pyricularia,oryzae Y34,3
883,Pyricularia,oryzae 70-15,758
884,Penicillium,nalgiovense FM193,0
885,Penicillium,carneum LCP05634,0
886,Penicillium,fuscoglaucum FM041,0
887,Penicillium,biforme FM169,0
888,Penicillium,paneum FM227,0
889,Penicillium,brasilianum LaBioMMi136,0
890,Penicillium,camemberti FM 013,0
891,Penicillium,expansum T01,0
892,Penicillium,janthinellum ATCC 10455,0
893,Penicillium,raistrickii ATCC 10490,0
894,Penicillium,brevicompactum AgRF18,0
895,Penicillium,roqueforti FM164,1
896,Penicillium,chrysogenum 4088766,0
897,Penicillium,lanosocoeruleum ATCC 48919,0
898,Penicillium,fellutanum ATCC 48694,0
899,Penicillium,canescens ATCC 10419,0
900,Penicillium,glabrum DAOM 239074,0
901,Penicillium,bilaiae ATCC 20851,0
902,Penicillium,expansum ATCC 24692,0
903,Penicillium,chrysogenum NCPC10086,0
904,Penicillium,paxilli ATCC 26601,0
905,Penicillium,digitatum Pd01-ZJU,0
906,Penicillium,digitatum PDC 102,0
907,Penicillium,chrysogenum KF-25,0
908,Penicillium,expansum NRRL 62431,0
909,Penicillium,digitatum Pd1,1
910,Penicillium,digitatum PHI26,1
911,Penicillium,oxalicum JU-A10-S,0
912,Penicillium,oxalicum JU-A10-T,0
913,Penicillium,decumbens JU-A10,0
914,Penicillium,oxalicum 114-2,7
915,Penicillium,oxalicum YT02,0
916,Penicillium,rubens Wisconsin 54-1255,397
917,Venturia,pyrina ICMP 11032,0
918,Phaeomoniella,chlamydospora RR-HG1,0
919,Brettanomyces,bruxellensis LAMAP2480,0
920,Brettanomyces,bruxellensis AWRI1499,0
921,Brettanomyces,bruxellensis CBS 2499,0
922,Beauveria,bassiana CGMCC 7.34,0
923,Beauveria,bassiana D1-5,0
924,Beauveria,bassiana Bb 9205,0
925,Beauveria,brongniartii RCEF 3172,0
926,Beauveria,bassiana ARSEF 2860,23
927,Puccinia,triticina Race 106,0
928,Puccinia,triticina Race 77,0
929,Puccinia,horiana BY2013C01,0
930,Puccinia,striiformis f. sp. tritici 87/7,0
931,Puccinia,striiformis f. sp. tritici 08/21,0
932,Puccinia,striiformis f. sp. tritici PST21,0
933,Puccinia,striiformis f. sp. tritici PST43,0
934,Puccinia,striiformis f. sp. tritici CY32,0
935,Puccinia,striiformis f. sp. tritici 104E137A,0
936,Puccinia,graminis f. sp. tritici 75WA165-2A,0
937,Puccinia,graminis f. sp. tritici 56SD37B,0
938,Puccinia,graminis f. sp. tritici 65SD2,0
939,Puccinia,graminis f. sp. tritici 86SD656B,0
940,Puccinia,graminis f. sp. tritici 71MN603-2,0
941,Puccinia,graminis f. sp. tritici 59OH5B,0
942,Puccinia,graminis f. sp. tritici 75MN68C,0
943,Puccinia,graminis f. sp. tritici 01SD80A,0
944,Puccinia,graminis f. sp. tritici 01MN84A1-2,0
945,Puccinia,graminis f. sp. tritici 74MN1409,0
946,Puccinia,graminis f. sp. tritici 99KS76A,0
947,Puccinia,graminis f. sp. tritici 77ND82A,0
948,Puccinia,graminis f. sp. tritici 06ND76C,0
949,Puccinia,graminis f. sp. tritici 59KS19,0
950,Puccinia,graminis f. sp. tritici 86MAR185C,0
951,Puccinia,graminis f. sp. tritici 84CSK764-3,0
952,Puccinia,graminis f. sp. tritici 83ETH6-2-2,0
953,Puccinia,graminis f. sp. tritici 84KEN8B,0
954,Puccinia,graminis f. sp. tritici 84KEN8C,0
955,Puccinia,graminis f. sp. tritici 87KEN3018-4,0
956,Puccinia,graminis f. sp. tritici ISR2164,0
957,Puccinia,graminis f. sp. tritici ISR2147,0
958,Puccinia,graminis f. sp. tritici 84ETH19A,0
959,Puccinia,graminis f. sp. tritici 84CSK759C,0
960,Puccinia,graminis f. sp. tritici 72ETH11-4,0
961,Puccinia,graminis f. sp. tritici 60IRN10B,0
962,Puccinia,graminis f. sp. tritici 09ETH8-3,0
963,Puccinia,graminis f. sp. tritici 86ITA1042A,0
964,Puccinia,graminis f. sp. tritici 86PAK1030A,0
965,Puccinia,graminis f. sp. tritici 80MAR33B,0
966,Puccinia,graminis f. sp. tritici 85MAR42-2,0
967,Puccinia,graminis f. sp. tritici 83KEN7A,0
968,Puccinia,graminis f. sp. tritici 87KEN11-4,0
969,Puccinia,graminis f. sp. tritici 83ETH6-1,0
970,Puccinia,graminis f. sp. tritici 96ZIM2A,0
971,Puccinia,graminis f. sp. tritici Eth2010-01A,0
972,Puccinia,graminis f. sp. tritici Ken2009-06B,0
973,Puccinia,graminis f. sp. tritici 09TAN8-16,0
974,Puccinia,graminis f. sp. tritici Ken2010-10A,0
975,Puccinia,graminis f. sp. tritici Eri-2010-13A,0
976,Puccinia,graminis f. sp. tritici Ken2010-09A,0
977,Puccinia,graminis f. sp. tritici 09TAN10-1,0
978,Puccinia,graminis f. sp. tritici Eri2010-15A,0
979,Puccinia,graminis f. sp. tritici Ken2009-02B,0
980,Puccinia,graminis f. sp. tritici 07KEN11-2,0
981,Puccinia,graminis f. sp. tritici 09TAN06-2,0
982,Puccinia,graminis f. sp. tritici Eth2010-02A,0
983,Puccinia,striiformis f. sp. tritici PST-78,0
984,Puccinia,triticina LBBKK,0
985,Puccinia,triticina MLDSS,0
986,Puccinia,triticina MHDS,0
987,Puccinia,triticina MCRK,0
988,Puccinia,triticina MBRL,0
989,Puccinia,triticina MCPSS,0
990,Puccinia,triticina KBBJK,0
991,Puccinia,triticina FBMTK,0
992,Puccinia,triticina MBDS,0
993,Puccinia,triticina MBBJT,0
994,Puccinia,triticina DHJJ,0
995,Puccinia,triticina BBBD,0
996,Puccinia,triticina BBBQB,0
997,Puccinia,triticina MJBJ,0
998,Puccinia,triticina FHMQQ,0
999,Puccinia,triticina FCPNS,0
1000,Puccinia,triticina MLDS,0
1001,Puccinia,triticina KCMQ,0
1002,Puccinia,triticina MFPS,0
1003,Puccinia,triticina FBPSQ,0
1004,Puccinia,triticina DGGQ,0
1005,Puccinia,triticina MCDS,0
1006,Puccinia,triticina FLLLK,0
1007,Puccinia,triticina FCPSS,0
1008,Puccinia,triticina DURUM,0
1009,Puccinia,triticina MBDGK,0
1010,Puccinia,triticina FCPQQ,0
1011,Puccinia,triticina FCPSQ,0
1012,Puccinia,triticina FCBQB,0
1013,Puccinia,triticina MCJSS,0
1014,Puccinia,graminis 93_F2_ZX107_023,0
1015,Puccinia,graminis 93_F2_ZX107_022,0
1016,Puccinia,graminis 93_F2_ZX107_017,0
1017,Puccinia,graminis 93_F2_ZX107_016,0
1018,Puccinia,graminis 93_F2_ZX107_015,0
1019,Puccinia,graminis 93_F2_ZX107_012,0
1020,Puccinia,graminis 93_F2_ZX107_011,0
1021,Puccinia,graminis 93_F2_ZX107_010,0
1022,Puccinia,graminis 93_F2_ZX107_009,0
1023,Puccinia,graminis 93_F2_ZX107_006,0
1024,Puccinia,graminis 93_F2_ZX107_004,0
1025,Puccinia,graminis 93_F2_ZX107_003,0
1026,Puccinia,graminis f. sp. tritici 04KEN156/4,0
1027,Puccinia,striiformis PST-1,0
1028,Puccinia,striiformis PST-127,0
1029,Puccinia,striiformis CYR-32,0
1030,Puccinia,striiformis UK94/519,0
1031,Puccinia,striiformis f. sp. tritici PST-130,0
1032,Puccinia,triticina Race 9,0
1033,Puccinia,triticina Race 161,0
1034,Puccinia,triticina PRTUS35,0
1035,Puccinia,graminis f. sp. tritici UVPgt59,0
1036,Puccinia,graminis f. sp. tritici UVPgt55,0
1037,Puccinia,graminis f. sp. tritici 194-12356,0
1038,Puccinia,graminis f. sp. tritici 126-6711,0
1039,Puccinia,triticina 1-1 BBBD Race 1,0
1040,Puccinia,graminis f. sp. tritici 78-21-BB463,0
1041,Puccinia,graminis f. sp. tritici 06YEM 34-1,0
1042,Puccinia,graminis f. sp. tritici 07KEN 24-4,0
1043,Puccinia,graminis f. sp. tritici 06KEN-19-V-3,0
1044,Puccinia,graminis f. sp. tritici 05KEN156/04,0
1045,Puccinia,graminis f. sp. tritici 326-12356,0
1046,Puccinia,graminis f. sp. tritici 21-0,0
1047,Puccinia,graminis f. sp. tritici CRL 75-36-700-3,0
1048,Trichoderma,harzianum T23,0
1049,Trichoderma,reesei RUT C-30,2
1050,Trichoderma,virens FT-333,0
1051,Trichoderma,brevicompactum 0248,0
1052,Trichoderma,hamatum GD12,1
1053,Trichoderma,longibrachiatum SMF2,0
1054,Trichoderma,harzianum IOC 3844,2
1055,Trichoderma,asperellum CBS 433.97,1
1056,Trichoderma,longibrachiatum ATCC 18648,0
1057,Trichoderma,harzianum CBS 226.95,1
1058,Trichoderma,atroviride IMI 206040,5
1059,Trichoderma,reesei QM6a,9
1060,Trichoderma,virens Gv29-8,4
1061,Trichoderma,reesei QM9414,38
1062,Saccharomyces,cerevisiae UFMG A-905,0
1063,Saccharomyces,pastorianus CBS 1503,4
1064,Saccharomyces,cerevisiae YPH499N,0
1065,Saccharomyces,cerevisiae S288C x YJM789,0
1066,Saccharomyces,cerevisiae FY,0
1067,Saccharomyces,cerevisiae JWY6147,0
1068,Saccharomyces,cerevisiae BY4741-BV19,0
1069,Saccharomyces,cerevisiae BY4741-E18,0
1070,Saccharomyces,cerevisiae BY4741-AV8,0
1071,Saccharomyces,cerevisiae BY4741-AV16,0
1072,Saccharomyces,bayanus NBRC2031,0
1073,Saccharomyces,bayanus NBRC1948,1
1074,Saccharomyces,bayanus NBRC539,0
1075,Saccharomyces,bayanus CBS 5792,0
1076,Saccharomyces,bayanus CBS 5184,0
1077,Saccharomyces,bayanus CBS 3008,1
1078,Saccharomyces,bayanus CBS 2946,0
1079,Saccharomyces,bayanus CBS 1542,0
1080,Saccharomyces,bayanus CBS 1502,0
1081,Saccharomyces,bayanus CBS 424,2
1082,Saccharomyces,cerevisiae S96 x YJM789,0
1083,Saccharomyces,cerevisiae IR-2,0
1084,Saccharomyces,cerevisiae NAM34-4C,0
1085,Saccharomyces,sp. EDRL,0
1086,Saccharomyces,cerevisiae M52cW,0
1087,Saccharomyces,cerevisiae M52bB,0
1088,Saccharomyces,cerevisiae SGU57,0
1089,Saccharomyces,cerevisiae 101S,0
1090,Saccharomyces,cerevisiae M2-8,0
1091,Saccharomyces,cerevisiae M34,0
1092,Saccharomyces,cerevisiae M32,0
1093,Saccharomyces,cerevisiae M13,0
1094,Saccharomyces,cerevisiae M8,0
1095,Saccharomyces,cerevisiae M5,0
1096,Saccharomyces,cerevisiae M1-2,0
1097,Saccharomyces,pastorianus CBS 6560,0
1098,Saccharomyces,pastorianus CBS 6285,0
1099,Saccharomyces,pastorianus CBS 6284,0
1100,Saccharomyces,pastorianus CBS 6283,0
1101,Saccharomyces,pastorianus CBS 6282,0
1102,Saccharomyces,cerevisiae CBS 9565,0
1103,Saccharomyces,cerevisiae CBS 9563,0
1104,Saccharomyces,cerevisiae CBS 9564,0
1105,Saccharomyces,cerevisiae CBS 9562,0
1106,Saccharomyces,cerevisiae CBS 7840,0
1107,Saccharomyces,cerevisiae CBS 7839,0
1108,Saccharomyces,cerevisiae CBS 7838,0
1109,Saccharomyces,cerevisiae CBS 7837,0
1110,Saccharomyces,cerevisiae CBS 7836,0
1111,Saccharomyces,cerevisiae CBS 7835,0
1112,Saccharomyces,cerevisiae CBS 7834,0
1113,Saccharomyces,cerevisiae CBS 7833,0
1114,Saccharomyces,cerevisiae CBS 2910,0
1115,Saccharomyces,cerevisiae YJM1289,0
1116,Saccharomyces,cerevisiae YJM1259,0
1117,Saccharomyces,cerevisiae YJM1178,0
1118,Saccharomyces,cerevisiae YJM1146,0
1119,Saccharomyces,cerevisiae YJM1145,0
1120,Saccharomyces,cerevisiae YJM1144,0
1121,Saccharomyces,cerevisiae YJM1143,0
1122,Saccharomyces,cerevisiae YJM1142,0
1123,Saccharomyces,cerevisiae YJM1141,0
1124,Saccharomyces,cerevisiae YJM1140,0
1125,Saccharomyces,cerevisiae YJM1139,0
1126,Saccharomyces,cerevisiae YJM1138,0
1127,Saccharomyces,cerevisiae YJM1125,0
1128,Saccharomyces,cerevisiae YJM1124,0
1129,Saccharomyces,cerevisiae YJM454,0
1130,Saccharomyces,cerevisiae YJM339,0
1131,Saccharomyces,cerevisiae YJM332,0
1132,Saccharomyces,cerevisiae YJM308,0
1133,Saccharomyces,cerevisiae YJM145,0
1134,Saccharomyces,cerevisiae YJM1292,0
1135,Saccharomyces,cerevisiae YJM1135,0
1136,Saccharomyces,cerevisiae YJM1122,0
1137,Saccharomyces,cerevisiae YJM1121,0
1138,Saccharomyces,cerevisiae YJM1120,0
1139,Saccharomyces,cerevisiae YJM1119,0
1140,Saccharomyces,cerevisiae YJM1118,0
1141,Saccharomyces,cerevisiae YJM1117,0
1142,Saccharomyces,cerevisiae YJM1116,0
1143,Saccharomyces,cerevisiae YJM1115,0
1144,Saccharomyces,cerevisiae YJM1114,0
1145,Saccharomyces,cerevisiae YJM1113,0
1146,Saccharomyces,cerevisiae YJM1112,0
1147,Saccharomyces,cerevisiae YJM1111,0
1148,Saccharomyces,cerevisiae YJM1110,0
1149,Saccharomyces,cerevisiae YJM1109,0
1150,Saccharomyces,cerevisiae YJM1108,0
1151,Saccharomyces,cerevisiae YJM1107,0
1152,Saccharomyces,cerevisiae YJM1106,0
1153,Saccharomyces,cerevisiae YJM1105,0
1154,Saccharomyces,cerevisiae YJM1104,0
1155,Saccharomyces,cerevisiae YJM1103,0
1156,Saccharomyces,cerevisiae YJM1102,0
1157,Saccharomyces,cerevisiae YJM1101,0
1158,Saccharomyces,cerevisiae YJM1100,0
1159,Saccharomyces,cerevisiae YJM1099,0
1160,Saccharomyces,cerevisiae YJM1098,0
1161,Saccharomyces,cerevisiae YJM1097,0
1162,Saccharomyces,cerevisiae YJM1096,0
1163,Saccharomyces,cerevisiae YJM1095,0
1164,Saccharomyces,cerevisiae YJM1094,0
1165,Saccharomyces,cerevisiae YJM1006,0
1166,Saccharomyces,cerevisiae YJM1005,0
1167,Saccharomyces,cerevisiae YJM1004,0
1168,Saccharomyces,cerevisiae YJM967,0
1169,Saccharomyces,cerevisiae YJM966,0
1170,Saccharomyces,cerevisiae YJM965,0
1171,Saccharomyces,cerevisiae YJM964,0
1172,Saccharomyces,cerevisiae YJM963,0
1173,Saccharomyces,cerevisiae YJM962,0
1174,Saccharomyces,cerevisiae YJM961,0
1175,Saccharomyces,cerevisiae YJM960,0
1176,Saccharomyces,cerevisiae YJM959,0
1177,Saccharomyces,cerevisiae YJM958,0
1178,Saccharomyces,cerevisiae YJM957,0
1179,Saccharomyces,cerevisiae YJM956,0
1180,Saccharomyces,cerevisiae YJM955,0
1181,Saccharomyces,cerevisiae YJM954,0
1182,Saccharomyces,cerevisiae YJM953,0
1183,Saccharomyces,cerevisiae YJM952,0
1184,Saccharomyces,cerevisiae YJM951,0
1185,Saccharomyces,cerevisiae YJM950,0
1186,Saccharomyces,cerevisiae YJM949,0
1187,Saccharomyces,cerevisiae YJM948,0
1188,Saccharomyces,cerevisiae YJM947,0
1189,Saccharomyces,cerevisiae YJM946,0
1190,Saccharomyces,cerevisiae YJM945,0
1191,Saccharomyces,cerevisiae YJM936,0
1192,Saccharomyces,cerevisiae YJM816,0
1193,Saccharomyces,cerevisiae YJM815,0
1194,Saccharomyces,cerevisiae YJM813,0
1195,Saccharomyces,cerevisiae YJM811,0
1196,Saccharomyces,cerevisiae YJM810,0
1197,Saccharomyces,cerevisiae YJM678,0
1198,Saccharomyces,cerevisiae YJM677,0
1199,Saccharomyces,cerevisiae YJM676,0
1200,Saccharomyces,cerevisiae YJM674,0
1201,Saccharomyces,cerevisiae YJM672,0
1202,Saccharomyces,cerevisiae YJM671,0
1203,Saccharomyces,cerevisiae YJM670,0
1204,Saccharomyces,cerevisiae YJM669,0
1205,Saccharomyces,cerevisiae YJM634,0
1206,Saccharomyces,cerevisiae YJM561,0
1207,Saccharomyces,cerevisiae YJM560,0
1208,Saccharomyces,cerevisiae YJM525,0
1209,Saccharomyces,cerevisiae YJM521,0
1210,Saccharomyces,cerevisiae YJM467,0
1211,Saccharomyces,cerevisiae YJM466,0
1212,Saccharomyces,cerevisiae YJM464,0
1213,Saccharomyces,cerevisiae YJM455,0
1214,Saccharomyces,cerevisiae YJM440,0
1215,Saccharomyces,cerevisiae YJM439,0
1216,Saccharomyces,cerevisiae YJM437,0
1217,Saccharomyces,cerevisiae YJM436,0
1218,Saccharomyces,cerevisiae YJM435,0
1219,Saccharomyces,cerevisiae YJM434,0
1220,Saccharomyces,cerevisiae YJM432,0
1221,Saccharomyces,cerevisiae Red Star baking yeast,0
1222,Saccharomyces,cerevisiae Fleischmanns baking yeast,0
1223,Saccharomyces,cerevisiae YJM223,0
1224,Saccharomyces,pastorianus GSY508,0
1225,Saccharomyces,pastorianus GSY504,0
1226,Saccharomyces,pastorianus GSY503,0
1227,Saccharomyces,pastorianus GSY515,0
1228,Saccharomyces,pastorianus GSY132,0
1229,Saccharomyces,pastorianus GSY129,0
1230,Saccharomyces,pastorianus GSY131,0
1231,Saccharomyces,pastorianus GSY501,0
1232,Saccharomyces,pastorianus GSY509,0
1233,Saccharomyces,cerevisiae NY1308,0
1234,Saccharomyces,cerevisiae NRRL Y-12632,0
1235,Saccharomyces,cerevisiae YJM1078,126
1236,Saccharomyces,cerevisiae YJM1615,131
1237,Saccharomyces,cerevisiae YJM1592,133
1238,Saccharomyces,cerevisiae YJM1574,130
1239,Saccharomyces,cerevisiae YJM1573,136
1240,Saccharomyces,cerevisiae YJM1549,137
1241,Saccharomyces,cerevisiae YJM1527,130
1242,Saccharomyces,cerevisiae YJM1526,131
1243,Saccharomyces,cerevisiae YJM1479,134
1244,Saccharomyces,cerevisiae YJM1478,132
1245,Saccharomyces,cerevisiae YJM1477,128
1246,Saccharomyces,cerevisiae YJM1463,135
1247,Saccharomyces,cerevisiae YJM1460,127
1248,Saccharomyces,cerevisiae YJM1450,133
1249,Saccharomyces,cerevisiae YJM1447,127
1250,Saccharomyces,cerevisiae YJM1444,132
1251,Saccharomyces,cerevisiae YJM1443,133
1252,Saccharomyces,cerevisiae YJM1439,134
1253,Saccharomyces,cerevisiae YJM1434,134
1254,Saccharomyces,cerevisiae YJM1433,133
1255,Saccharomyces,cerevisiae YJM1419,133
1256,Saccharomyces,cerevisiae YJM1418,135
1257,Saccharomyces,cerevisiae YJM1417,132
1258,Saccharomyces,cerevisiae YJM1415,133
1259,Saccharomyces,cerevisiae YJM1402,136
1260,Saccharomyces,cerevisiae YJM1401,132
1261,Saccharomyces,cerevisiae YJM1400,135
1262,Saccharomyces,cerevisiae YJM1399,130
1263,Saccharomyces,cerevisiae YJM1389,135
1264,Saccharomyces,cerevisiae YJM1388,132
1265,Saccharomyces,cerevisiae YJM1387,135
1266,Saccharomyces,cerevisiae YJM1386,129
1267,Saccharomyces,cerevisiae YJM1385,135
1268,Saccharomyces,cerevisiae YJM1383,133
1269,Saccharomyces,cerevisiae YJM1381,136
1270,Saccharomyces,cerevisiae YJM1356,135
1271,Saccharomyces,cerevisiae YJM1355,133
1272,Saccharomyces,cerevisiae YJM1342,133
1273,Saccharomyces,cerevisiae YJM1341,132
1274,Saccharomyces,cerevisiae YJM1338,135
1275,Saccharomyces,cerevisiae YJM1336,131
1276,Saccharomyces,cerevisiae YJM1332,133
1277,Saccharomyces,cerevisiae YJM1326,136
1278,Saccharomyces,cerevisiae YJM1311,134
1279,Saccharomyces,cerevisiae YJM1307,134
1280,Saccharomyces,cerevisiae YJM1304,131
1281,Saccharomyces,cerevisiae YJM1273,135
1282,Saccharomyces,cerevisiae YJM1252,126
1283,Saccharomyces,cerevisiae YJM1250,127
1284,Saccharomyces,cerevisiae YJM1248,132
1285,Saccharomyces,cerevisiae YJM1244,134
1286,Saccharomyces,cerevisiae YJM1242,130
1287,Saccharomyces,cerevisiae YJM1208,134
1288,Saccharomyces,cerevisiae YJM1202,131
1289,Saccharomyces,cerevisiae YJM1199,134
1290,Saccharomyces,cerevisiae YJM1190,136
1291,Saccharomyces,cerevisiae YJM1133,135
1292,Saccharomyces,cerevisiae YJM996,135
1293,Saccharomyces,cerevisiae YJM993,134
1294,Saccharomyces,cerevisiae YJM990,134
1295,Saccharomyces,cerevisiae YJM987,134
1296,Saccharomyces,cerevisiae YJM984,134
1297,Saccharomyces,cerevisiae YJM981,133
1298,Saccharomyces,cerevisiae YJM978,134
1299,Saccharomyces,cerevisiae YJM975,132
1300,Saccharomyces,cerevisiae YJM972,136
1301,Saccharomyces,cerevisiae YJM969,133
1302,Saccharomyces,cerevisiae YJM693,136
1303,Saccharomyces,cerevisiae YJM689,132
1304,Saccharomyces,cerevisiae YJM683,136
1305,Saccharomyces,cerevisiae YJM682,135
1306,Saccharomyces,cerevisiae YJM681,134
1307,Saccharomyces,cerevisiae YJM627,132
1308,Saccharomyces,cerevisiae YJM555,135
1309,Saccharomyces,cerevisiae YJM554,136
1310,Saccharomyces,cerevisiae YJM541,134
1311,Saccharomyces,cerevisiae YJM470,128
1312,Saccharomyces,cerevisiae YJM456,134
1313,Saccharomyces,cerevisiae YJM453,128
1314,Saccharomyces,cerevisiae YJM450,132
1315,Saccharomyces,cerevisiae YJM271,128
1316,Saccharomyces,cerevisiae YJM270,134
1317,Saccharomyces,cerevisiae YJM248,124
1318,Saccharomyces,cerevisiae YJM244,127
1319,Saccharomyces,cerevisiae YJM195,133
1320,Saccharomyces,cerevisiae YJM193,135
1321,Saccharomyces,cerevisiae YJM189,133
1322,Saccharomyces,cerevisiae YJM1129,136
1323,Saccharomyces,cerevisiae YJM1083,134
1324,Saccharomyces,cerevisiae BY2961,0
1325,Saccharomyces,cerevisiae BY4743,0
1326,Saccharomyces,cerevisiae BY4741,0
1327,Saccharomyces,cerevisiae MUCL 28177,0
1328,Saccharomyces,cerevisiae ZTW1,0
1329,Saccharomyces,cerevisiae PE-2,290
1330,Saccharomyces,cerevisiae CBS 1585,0
1331,Saccharomyces,cerevisiae LAN211,0
1332,Saccharomyces,cerevisiae BMN1-35,0
1333,Saccharomyces,pastorianus CCY48 - 91,0
1334,Saccharomyces,cerevisiae GSY1135,0
1335,Saccharomyces,cerevisiae N85,0
1336,Saccharomyces,cerevisiae S228,0
1337,Saccharomyces,cerevisiae P301,0
1338,Saccharomyces,cerevisiae R103,0
1339,Saccharomyces,cerevisiae R008,0
1340,Saccharomyces,cerevisiae P283,0
1341,Saccharomyces,kudriavzevii FM1094,0
1342,Saccharomyces,kudriavzevii FM1071,0
1343,Saccharomyces,kudriavzevii ZP591,0
1344,Saccharomyces,kudriavzevii FM1054,0
1345,Saccharomyces,kudriavzevii FM1043,0
1346,Saccharomyces,kudriavzevii IFO1803,0
1347,Saccharomyces,kudriavzevii IFO10991,0
1348,Saccharomyces,kudriavzevii IFO10990,0
1349,Saccharomyces,kudriavzevii FM1066,0
1350,Saccharomyces,kudriavzevii FM1077,0
1351,Saccharomyces,kudriavzevii FM1076,0
1352,Saccharomyces,kudriavzevii FM1075,0
1353,Saccharomyces,kudriavzevii FM1062,0
1354,Saccharomyces,kudriavzevii FM1074,0
1355,Saccharomyces,kudriavzevii FM1073,0
1356,Saccharomyces,kudriavzevii FM1072,0
1357,Saccharomyces,kudriavzevii FM1079,0
1358,Saccharomyces,kudriavzevii FM1078,0
1359,Saccharomyces,kudriavzevii FM1009,0
1360,Saccharomyces,kudriavzevii FM1057,0
1361,Saccharomyces,kudriavzevii FM1056,0
1362,Saccharomyces,kudriavzevii FM1069,0
1363,Saccharomyces,cerevisiae M3839,0
1364,Saccharomyces,cerevisiae M3838,0
1365,Saccharomyces,cerevisiae M3837,0
1366,Saccharomyces,cerevisiae M3836,0
1367,Saccharomyces,arboricola H-6,0
1368,Saccharomyces,cerevisiae Lindquist 5672,0
1369,Saccharomyces,cerevisiae 228 CU-2,0
1370,Saccharomyces,cerevisiae M3707,0
1371,Saccharomyces,cerevisiae Lalvin L2056,0
1372,Saccharomyces,cerevisiae VR1,0
1373,Saccharomyces,cerevisiae G600,0
1374,Saccharomyces,cerevisiae x  kudriavzevii VIN7,0
1375,Saccharomyces,cerevisiae EC9-8,0
1376,Saccharomyces,cerevisiae YJSH1,0
1377,Saccharomyces,pastorianus CBS 1513,2
1378,Saccharomyces,cerevisiae YPS1009,0
1379,Saccharomyces,cerevisiae YJM653,0
1380,Saccharomyces,cerevisiae YJM428,134
1381,Saccharomyces,cerevisiae YJM421,0
1382,Saccharomyces,cerevisiae YJM320,135
1383,Saccharomyces,cerevisiae YJM280,0
1384,Saccharomyces,cerevisiae UC5,0
1385,Saccharomyces,cerevisiae PW5,0
1386,Saccharomyces,cerevisiae NC-02,0
1387,Saccharomyces,cerevisiae I14,0
1388,Saccharomyces,cerevisiae FL100,1
1389,Saccharomyces,cerevisiae CLIB382,0
1390,Saccharomyces,cerevisiae CLIB324,0
1391,Saccharomyces,cerevisiae CBS 7960,0
1392,Saccharomyces,cerevisiae YJM269,0
1393,Saccharomyces,cerevisiae T7,0
1394,Saccharomyces,cerevisiae YB210,0
1395,Saccharomyces,cerevisiae Y389,0
1396,Saccharomyces,cerevisiae Y2209,0
1397,Saccharomyces,cerevisiae CEN.PK113-7D,2
1398,Saccharomyces,cerevisiae A364A,0
1399,Saccharomyces,cerevisiae FostersB,0
1400,Saccharomyces,cerevisiae FostersO,0
1401,Saccharomyces,cerevisiae VL3,0
1402,Saccharomyces,cerevisiae Vin13,0
1403,Saccharomyces,cerevisiae Lalvin QA23,0
1404,Saccharomyces,cerevisiae AWRI796,0
1405,Saccharomyces,cerevisiae Kyokai no. 7,2
1406,Saccharomyces,cerevisiae CAT-1,0
1407,Saccharomyces,uvarum CLIB 533,0
1408,Saccharomyces,cerevisiae Sigma1278b,0
1409,Saccharomyces,cerevisiae EC1118,0
1410,Saccharomyces,cerevisiae MMY112,0
1411,Saccharomyces,cerevisiae KRY8,0
1412,Saccharomyces,cerevisiae W303,0
1413,Saccharomyces,cerevisiae SK1,0
1414,Saccharomyces,paradoxus Q69.8,0
1415,Saccharomyces,paradoxus Q31.4,0
1416,Saccharomyces,paradoxus Y8.5,0
1417,Saccharomyces,paradoxus Y9.6,0
1418,Saccharomyces,paradoxus W7,0
1419,Saccharomyces,paradoxus Z1,0
1420,Saccharomyces,paradoxus Y8.1,0
1421,Saccharomyces,paradoxus Q74.4,0
1422,Saccharomyces,paradoxus Y55,0
1423,Saccharomyces,cerevisiae JAY291,0
1424,Saccharomyces,pastorianus KBY011,0
1425,Saccharomyces,cerevisiae S288C,568
1426,Saccharomyces,cerevisiae AWRI1631,0
1427,Saccharomyces,cerevisiae YPS163,0
1428,Saccharomyces,cerevisiae M22,0
1429,Saccharomyces,pastorianus Weihenstephan 34/70,0
1430,Saccharomyces,cerevisiae YJM451,134
1431,Saccharomyces,cerevisiae Y12,0
1432,Saccharomyces,cerevisiae T73,0
1433,Saccharomyces,cerevisiae IL-01,0
1434,Saccharomyces,cerevisiae YJM326,136
1435,Saccharomyces,cerevisiae WE372,0
1436,Saccharomyces,cerevisiae CLIB215,0
1437,Saccharomyces,cerevisiae Y10,0
1438,Saccharomyces,cerevisiae Y9,0
1439,Saccharomyces,cerevisiae YJM789,1
1440,Saccharomyces,cerevisiae RM11-1a,0
1441,Saccharomyces,kudriavzevii IFO 1802,0
1442,Saccharomyces,mikatae IFO 1815,0
1443,Saccharomyces,paradoxus NRRL Y-17217,0
1444,Metarhizium,robertsii ARSEF 2575,1
1445,Metarhizium,anisopliae BRIP 53284,0
1446,Metarhizium,anisopliae BRIP 53293,2
1447,Metarhizium,majus ARSEF 297,3
1448,Metarhizium,brunneum ARSEF 3297,3
1449,Metarhizium,guizhouense ARSEF 977,3
1450,Metarhizium,anisopliae ARSEF 549,1
1451,Metarhizium,anisopliae BRIP 53593 SSC31,0
1452,Metarhizium,rileyi RCEF 4871,0
1453,Metarhizium,album ARSEF 1941,3
1454,Metarhizium,anisopliae Ma10,0
1455,Metarhizium,robertsii ARSEF 23,3
1456,Metarhizium,acridum CQMa 102,4
1457,Sordaria,macrospora pro32,0
1458,Sordaria,macrospora k-hell,9
1459,Sclerotinia,borealis F-4128,2
1460,Sclerotinia,trifoliorum 06CWM-G47,0
1461,Sclerotinia,sclerotiorum WM-A1,0
1462,Sclerotinia,minor W1 UF-93,0
1463,Sclerotinia,trifoliorum K1 UF-87,0
1464,Rhizophagus,irregularis DAOM 197198w,0
1465,Rhizophagus,irregularis DAOM 181602=DAOM 197198,0
1466,Eremothecium,coryli CBS 5749,0
1467,Eremothecium,gossypii FDAG1,108
1468,Eremothecium,cymbalariae DBVPG#7215,100
1469,Eremothecium,gossypii ATCC 10895,162
1470,Kluyveromyces,dobzhanskii CBS 2104,0
1471,Kluyveromyces,marxianus var. marxianus KCTC 17555,0
1472,Kluyveromyces,marxianus DMKU3-1042,122
1473,Kluyveromyces,wickerhamii UCD 54-210,0
1474,Kluyveromyces,aestuarii ATCC 18862,0
1475,Kluyveromyces,marxianus CBS 712,0
1476,Kluyveromyces,lactis NRRL Y-1140,133
1477,Verticillium,tricorpus MUCL 9792,0
1478,Verticillium,dahliae JR2,0
1479,Verticillium,dahliae VDG1,4
1480,Verticillium,dahliae VDG2,4
1481,Verticillium,alfalfae VaMs.102,1
1482,Verticillium,dahliae VdLs.17,1
1483,Kwoniella,europaea PYCC6329,0
1484,Kwoniella,mangroviensis CBS 10435,0
1485,Kwoniella,mangroviensis CBS 8886,0
1486,Kwoniella,mangroviensis CBS 8507,0
1487,Kwoniella,dejecticola CBS 10117,0
1488,Kwoniella,heveanensis BCC8398,0
1489,Kwoniella,heveanensis CBS 569,1
1490,Kwoniella,shivajii KMF1,0
1491,Kwoniella,bestiolae CBS 10118,0
1492,Kwoniella,pini CBS 10737,0
1493,Kwoniella,europaea PYCC 6162,0
1494,Kwoniella,dendrophila CBS 6074,0
1495,Pyrrhoderma,noxium OVT-YTM/97,0
1496,Talaromyces,funiculosus NCIM1228,0
1497,Talaromyces,aculeatus ATCC 10409,1
1498,Talaromyces,marneffei ADL-501,0
1499,Talaromyces,marneffei PM1,0
1500,Talaromyces,marneffei ATCC 18224,0
1501,Talaromyces,stipitatus ATCC 10500,3
1502,Talaromyces,cellulolyticus CF-2612,16
1503,Pseudogymnoascus,pannorum var. pannorum M1372,0
1504,Pseudogymnoascus,destructans M1379,0
1505,Pseudogymnoascus,destructans 20631-21,0
1506,Vavraia,culicis subsp. floridensis VC2HI,0
1507,Vavraia,culicis subsp. floridensis VC2HC,0
1508,Vavraia,culicis subsp. floridensis VC1HI,0
1509,Vavraia,culicis subsp. floridensis VC1HC,0
1510,Vavraia,culicis subsp. floridensis VC3H,0
1511,Edhazardia,aedis EA6V,0
1512,Edhazardia,aedis EA5VI,0
1513,Edhazardia,aedis EA5VC,0
1514,Edhazardia,aedis EA4VI,0
1515,Edhazardia,aedis EA4VC,0
1516,Edhazardia,aedis EA3HI,0
1517,Edhazardia,aedis EA3HC,0
1518,Edhazardia,aedis EA2HI,0
1519,Edhazardia,aedis EA2HC,0
1520,Edhazardia,aedis EA1HI,0
1521,Edhazardia,aedis EA1HC,0
1522,Edhazardia,aedis USNM 41457,0
1523,Pneumocystis,carinii B50,0
1524,Pneumocystis,carinii B70,0
1525,Pneumocystis,carinii B80,0
1526,Pneumocystis,jirovecii RU7,0
1527,Pneumocystis,jirovecii RU817,0
1528,Pneumocystis,jirovecii RU12,0
1529,Pneumocystis,jirovecii SE8,0
1530,Pneumocystis,jirovecii SE6,0
1531,Pneumocystis,murina B123,0
1532,Pneumocystis,carinii ATCC PRA-159,0
1533,Rasamsonia,emersonii CBS 393.64,2
1534,Komagataella,phaffii JC308,0
1535,Komagataella,phaffii CBS 7435,253
1536,Komagataella,phaffii GS115,240
1537,Komagataella,pastoris DSMZ 70382,0
1538,Plenodomus,tracheiphilus IPT5,5
1539,Meredithblackwellia,eburnea MCA 4105,0
1540,Coniochaeta,ligniaria NRRL 30616,1
1541,[Candida],glabrata CCTCC M202019,0
1542,[Candida],glabrata M202019,0
1543,[Candida],intermedia FL3,0
1544,[Candida],glabrata ADL-345,0
1545,[Candida],glabrata ADL-344,0
1546,[Candida],glabrata ADL-343,0
1547,[Candida],glabrata ADL-342,0
1548,[Candida],glabrata ADL-341,0
1549,[Candida],glabrata ADL-340,0
1550,[Candida],nivariensis CBS 9983,0
1551,[Candida],bracarensis CBS 10154,0
1552,[Candida],castellii CBS 4332,0
1553,[Candida],glabrata CAB52-4041,0
1554,[Candida],ethanolica M2,0
1555,[Candida],arabinofermentans NRRL YB-2248,0
1556,[Candida],glabrata CBS 138,0
1557,Epichloe,amarillans E4668,0
1558,Epichloe,baconii ATCC 200745,0
1559,Epichloe,bromicola ATCC 200750,0
1560,Epichloe,gansuensis var. inebrians E818,0
1561,Epichloe,typhina E8,0
1562,Epichloe,elymi E56,0
1563,Epichloe,typhina E5819,0
1564,Epichloe,gansuensis E7080,0
1565,Epichloe,amarillans E57,0
1566,Epichloe,brachyelytri E4804,0
1567,Epichloe,glyceriae E277,0
1568,Epichloe,festucae Fl1,246
1569,Epichloe,festucae E2368,1
1570,Atkinsonella,hypoxylon B4728,0
1571,Anthostoma,avocetta NRRL 3190,0
1572,Anthostoma,avocetta NRRL 13883,0
1573,Balansia,obtecta B249,0
1574,Corynascus,similis CBS 632.67,0
1575,Blastobotrys,adeninivorans LR3,0
1576,Cladonia,metacorallifera KoLRI002260,0
1577,Cladonia,macilenta KoLRI003786,0
1578,Macrolepiota,fuliginosa MF-IS2,1
1579,Diplodia,sapinea CMW 190,0
1580,Suillus,brevipes Sb2,1
1581,Suillus,luteus UH-Slu-Lm8-n1,0
1582,Helminthosporium,solani B-AC-16A,0
1583,Melanopsichium,pennsylvanicum 4,190
1584,Sporothrix,brasiliensis 5110,0
1585,Sporothrix,schenckii 1099-18,0
1586,Sporothrix,schenckii ATCC 58251,8
1587,Sporothrix,insectorum RCEF 264,0
1588,Elmerina,caryae L-13461,0
1589,Naohidea,sebacea CBS 8477,0
1590,Classicula,fluitans ATCC 64713,0
1591,Heterogastridium,pycnidioideum ATCC MYA-4631,0
1592,Phyllozyma,linderae CBS 7893,0
1593,Erythrobasidium,hasegawianum ATCC 9536,0
1594,Cystobasidium,minutum MCA 4210,0
1595,Hymenoscyphus,albidus 111/1/4,0
1596,Hymenoscyphus,fraxineus nf4,0
1597,Massarina,eburnea CBS 473.64,6
1598,Karstenula,rhodostoma CBS 690.94,5
1599,Morchella,conica CCBAS932,0
1600,Amniculicola,lignicola CBS 123094,3
1601,Dothidotthia,symphoricarpi CBS 119687,2
1602,Eremomyces,bilateralis CBS 781.70,2
1603,Moesziomyces,aphidis DSM 70725,0
1604,Moesziomyces,antarcticus T-34,1
1605,Austropuccinia,psidii MF-1,0
1606,Parathielavia,appendiculata CBS 731.68,0
1607,Thielavia,hyrcaniae CBS 757.83,0
1608,Canariomyces,arenarius CBS 508.74,0
1609,Kuraishia,capsulata CBS 1993,0
1610,Thanatephorus,cucumeris JGI SC002DCMIDF,0
1611,Chalara,longipes BDJ,2
1612,Lignosus,rhinocerotis TM02,0
1613,Mycosphaerella,sp. PB-2012b Mex 2-1-2,0
1614,Mycosphaerella,populi pn0402,0
1615,Pseudocercospora,pini-densiflorae CBS 125139,0
1616,Pseudocercospora,fijiensis CIRAD86,0
1617,Nothophaeocryptopus,gaeumannii CBS 267.37,0
1618,Dothistroma,pini CBS 116487,0
1619,Dothistroma,septosporum NZE10,2
1620,Ramularia,endophylla CBS 113265,0
1621,Exutisphaerella,laricina CBS 326.52,0
1622,Lecanosticta,acicola CBS 871.95,0
1623,Kalmanozyma,brasiliensis GHG001,2
1624,Spraguea,lophii 42_110,0
1625,Saksenaea,oblongispora B3353,0
1626,Saksenaea,vasiformis B4078,0
1627,Rhizopus,microsporus var oligosporus B2958,0
1628,Rhizopus,microsporus var rhizopodiformus B7455,0
1629,Rhizopus,pusillus B5510,0
1630,Rhizopus,microsporus B9738,0
1631,Rhizopus,microsporus ATCC 52813,0
1632,Rhizopus,delemar Type II NRRL 21446,0
1633,Rhizopus,delemar Type II NRRL 21447,0
1634,Rhizopus,arrhizus 99-892,0
1635,Rhizopus,delemar Type II NRRL 21477,0
1636,Rhizopus,arrhizus HUMC 02,0
1637,Rhizopus,arrhizus Type I NRRL 21789,0
1638,Rhizopus,arrhizus 99-133,0
1639,Rhizopus,arrhizus Type I NRRL 21396,0
1640,Rhizopus,arrhizus Type I NRRL 18148,0
1641,Rhizopus,arrhizus Type I NRRL 13440,0
1642,Rhizopus,stolonifer B9770,0
1643,Rhizopus,arrhizus B7407,0
1644,Rhizopus,microsporus var. chinensis CCTCC M201021,0
1645,Rhizopus,delemar RA 99-880,13
1646,Lichtheimia,corymbifera B2541,0
1647,Lichtheimia,ramosa B5792,0
1648,Lichtheimia,hyalospora FSU 10163,0
1649,Lichtheimia,corymbifera 008-049,0
1650,Lichtheimia,ramosa B5399,0
1651,Lichtheimia,corymbifera JMRC:FSU:9682,0
1652,Basidiobolus,heterosporus B8920,0
1653,Basidiobolus,meristosporus B9252,0
1654,Basidiobolus,meristosporus CBS 931.73,0
1655,Mucor,irregularis B7584,0
1656,Mucor,indicus B7402,0
1657,Mucor,racemosus B9645,0
1658,Mucor,irregularis B50,0
1659,Mucor,ramosissimus 97-1192,0
1660,Mucor,endophyticus 3.4684,0
1661,Mucor,circinelloides B8987,0
1662,Mucor,velutinosus B5328,0
1663,Mucor,circinelloides 1006PhL,2
1664,Mucor,lusitanicus CBS 277.49,0
1665,Mortierella,alpina B6842,0
1666,Mortierella,alpina ATCC 32222,0
1667,Syncephalastrum,monosporum B8922,0
1668,Syncephalastrum,racemosum B6101,0
1669,Conidiobolus,incongruus B7586,0
1670,Conidiobolus,coronatus NRRL 28638,0
1671,Cunninghamella,bertholletiae B7461,0
1672,Cunninghamella,bertholletiae 175,0
1673,Cunninghamella,elegans B9769,0
1674,Cokeromyces,recurvatus B5483,0
1675,Trichaptum,abietinum L-15831 ss-1,0
1676,Paecilomyces,variotii No. 5,1
1677,Zygosaccharomyces,bailii ISA1307,0
1678,Zygosaccharomyces,bailii CLIB 213,107
1679,Zygosaccharomyces,rouxii CBS 732,119
1680,Zygosaccharomyces,bisporus IFO 1730,0
1681,Encephalitozoon,cuniculi EcunIII-L,0
1682,Encephalitozoon,cuniculi EcunII-CZ,0
1683,Encephalitozoon,romaleae SJ-2008,11
1684,Encephalitozoon,cuniculi EC3,0
1685,Encephalitozoon,cuniculi EC2,0
1686,Encephalitozoon,cuniculi EC1,0
1687,Encephalitozoon,hellem ATCC 50504,11
1688,Encephalitozoon,intestinalis ATCC 50506,12
1689,Ordospora,colligata OC4,0
1690,Papiliotrema,laurentii RY1,2
1691,Papiliotrema,flavescens NRRL Y-50378,0
1692,Calocera,cornea HHB12733,0
1693,Calocera,viscosa TUFC12733,0
1694,Gyalolechia,flavorubescens KoLRI002931,0
1695,Clonostachys,rosea f. rosea IK726,0
1696,Agmasoma,penaei 2012 - Plaquemines Parish LA,0
1697,Ustilago,esculenta Longjiao2,0
1698,Ustilago,hordei Uh4857-4,0
1699,Ustilago,maydis FB1,0
1700,Ustilago,maydis 521,13
1701,Patellaria,atrata CBS 101060,2
1702,Ascoidea,rubescens DSM 1968,0
1703,Ascoidea,rubescens NRRL Y17699,0
1704,Gonapodya,prolifera JEL478,1
1705,Spathaspora,arborariae UFMG-19.1A,0
1706,Spathaspora,passalidarum NRRL Y-27907,0
1707,Tremella,mesenterica ATCC28783,0
1708,Tremella,mesenterica CBS 6973,0
1709,Tremella,mesenterica DSM 1558,0
1710,Sporormia,fimetaria CBS 119925,1
1711,Choiromyces,venosus 120613-1,0
1712,Lentinula,edodes 135B,0
1713,Lentinula,edodes 135A,0
1714,Lentinula,edodes L-54,0
1715,Glaciozyma,antarctica PI12,7
1716,Pseudopyrenochaeta,lycopersici CRA-PAV_ER 1211,0
1717,Ophiocordyceps,polyrhachis-furcata BCC 54312,0
1718,Ophiocordyceps,sinensis CO18,17
1719,Porodaedalea,chrysoloma FP-135951,0
1720,Xylona,heveae TC161,0
1721,Lentinus,tigrinus ALCF2SS1-6,0
1722,Lentinus,tigrinus ALCF2SS1-7,0
1723,Sistotrema,brinkmannii HHB7604 ss-1,0
1724,Marasmius,fiardii PR-910,0
1725,Marasmius,nigrobrunneus NW-2008a,0
1726,Marasmius,haematocephalus NW-2008d,0
1727,Marasmius,haematocephalus NW-2008c,0
1728,Marasmius,haematocephalus NW-2008b,0
1729,Marasmius,haematocephalus NW-2008a,0
1730,Boletus,edulis BED1,0
1731,Cryomyces,antarcticus CCFEE 534,0
1732,Cryomyces,antarcticus CBS 116301,0
1733,Cercospora,sojina TN72-1,0
1734,Cercospora,canescens BHU,0
1735,Cercospora,sojina S9,0
1736,Cercospora,zeae-maydis SCOH1-5,2
1737,Cercospora,beticola 303B,0
1738,Neurospora,crassa FGSC 8820,0
1739,Neurospora,sublineolata FGSC 5508,0
1740,Neurospora,africana FGSC 1740,0
1741,Neurospora,terricola FGSC 1889,0
1742,Neurospora,pannonica FGSC 7221,0
1743,Neurospora,crassa 7022,0
1744,Neurospora,crassa 821,0
1745,Neurospora,crassa 7035,0
1746,Neurospora,crassa 49,0
1747,Neurospora,crassa 3921,0
1748,Neurospora,crassa 3564,0
1749,Neurospora,crassa 3562,0
1750,Neurospora,crassa 3246,0
1751,Neurospora,crassa 322,0
1752,Neurospora,crassa 3114,0
1753,Neurospora,crassa 1303,0
1754,Neurospora,crassa 1211,0
1755,Neurospora,discreta FGSC 8579,0
1756,Neurospora,tetrasperma FGSC 2509,0
1757,Neurospora,tetrasperma FGSC 2508,0
1758,Neurospora,crassa OR74A,529
1759,Armillaria,mellea 131,0
1760,Armillaria,mellea DSM 3731,0
1761,Armillaria,ostoyae RNA1,0
1762,Armillaria,mellea B497,0
1763,Gymnopilus,chrysopellus PR-1187,0
1764,Dendrothele,bispora CBS 962.96,0
1765,Vararia,minispora EC-137,0
1766,Melanomma,pulvis-pyrius CBS 109.77,6
1767,Pleomassaria,siparia CBS 279.74,4
1768,Rhizopogon,vinicolor AM-OR11-026,0
1769,Rhizopogon,salebrosus TDB-379,0
1770,Neoconidiobolus,thromboides FSU 785,0
1771,Backusella,circina FSU 941,0
1772,Zoophthora,radicans ARSEF 4784,0
1773,Microascus,trigonosporus CBS 218.31,0
1774,Lophiostoma,macrostomum CBS 122681,2
1775,Saccharata,proteae CBS 121410,3
1776,Dissoconium,aciculare CBS 342.82,1
1777,Laetiporus,sulphureus 93-53,0
1778,Panus,rudis PR-1116 ss-1,0
1779,Daedalea,quercina L-15889,0
1780,Neolentinus,lepideus HHB14362 ss-1,0
1781,Exidia,glandulosa HHB12029,0
1782,Piedraia,hortae CBS 480.64,0
1783,Zopfia,rhizophila CBS 207.26,6
1784,Polyporus,arcularius HHB13444,0
1785,Polyporus,umbellatus GSX09,0
1786,Sistotremastrum,niveocremeum HHB9708,0
1787,Sistotremastrum,suecicum HHB10207 ss-3,0
1788,Dioszegia,cryoxerica ANT03-071,0
1789,Naganishia,vishniacii ANT03-052,0
1790,Sodiomyces,alkalinus F11,0
1791,Sodiomyces,alcalophilus JCM 7366,1
1792,Linnemannia,elongata AG-77,0
1793,Ilyonectria,europaea PMI-82,0
1794,Wilcoxina,mikolae CBS 423.85,0
1795,Ramaria,acris UT-36052-T,0
1796,Mycena,galopus ATCC 62051,0
1797,Cylindrobasidium,torrendii FP15055 ss-10,0
1798,Exobasidium,vaccinii MPITM,0
1799,Lepidopterella,palustris CBS 459.81,0
1800,Polychaeton,citri CBS 116435,0
1801,Clavispora,lusitaniae MTCC 1001,0
1802,Clavispora,lusitaniae ATCC 42720,0
1803,Schizophyllum,commune Loenen D,0
1804,Schizophyllum,commune Tattone S,0
1805,Schizophyllum,commune Tattone D,0
1806,Schizophyllum,commune 4.8 streak,0
1807,Schizophyllum,commune H4-8,4
1808,Blastocladiella,emersonii ATCC 22665,0
1809,Xerocomus,badius US-2013,0
1810,Trichophyton,rubrum ADL-509,0
1811,Trichophyton,rubrum MR1459,0
1812,Trichophyton,rubrum MR1463,0
1813,Trichophyton,rubrum MR1448,0
1814,Trichophyton,interdigitale MR816,0
1815,Trichophyton,rubrum MR850,0
1816,Trichophyton,interdigitale H6,0
1817,Trichophyton,rubrum D6,0
1818,Trichophyton,rubrum CBS 202.88,0
1819,Trichophyton,rubrum CBS 100084,0
1820,Trichophyton,rubrum CBS 735.88,0
1821,Trichophyton,soudanense CBS 452.61,0
1822,Trichophyton,rubrum CBS 288.86,0
1823,Trichophyton,rubrum CBS 289.86,0
1824,Trichophyton,rubrum CBS 100081,0
1825,Trichophyton,benhamiae CBS 112371,0
1826,Trichophyton,verrucosum HKI 0517,0
1827,Trichophyton,tonsurans CBS 112818,0
1828,Trichophyton,rubrum BMU01672,0
1829,Trichophyton,equinum CBS 127.97,0
1830,Trichophyton,rubrum CBS 118892,0
1831,Blumeria,graminis f. sp. tritici Bgt#70,0
1832,Blumeria,graminis f. sp. tritici 94202,0
1833,Blumeria,graminis f. sp. tritici JIW2,0
1834,Blumeria,hordei K1,0
1835,Blumeria,hordei A6,0
1836,Blumeria,graminis f. sp. tritici 96224,1
1837,Blumeria,hordei CC146,0
1838,Blumeria,hordei DH14,1
1839,Pseudozyma,hubeiensis SY62,0
1840,Pseudozyma,flocculosa PF-1,0
1841,Hirsutella,thompsonii MTCC6686,15
1842,Hirsutella,thompsonii MTCC3556,19
1843,Hirsutella,rhossiliensis OWVT-1,0
1844,Hirsutella,rhossiliensis OWVT,0
1845,Hirsutella,minnesotensis 3608,0
1846,Pyrenophora,seminiperda CCB06,0
1847,Pyrenophora,tritici-repentis DW7 race5,0
1848,Pyrenophora,teres f. teres 0-1,2
1849,Pyrenophora,tritici-repentis SD20,0
1850,Pyrenophora,tritici-repentis Pt-1C-BFP,1
1851,Cronartium,ribicola 11-2,0
1852,Cronartium,quercuum f. sp. banksianae CqE3WM,0
1853,Cronartium,comandrae C4,0
1854,Cronartium,quercuum f. sp. fusiforme G11,0
1855,Wolfiporia,cocos YST1,0
1856,Wolfiporia,cocos MD-104 SS10,0
1857,Wolfiporia,cocos CGMCC 5.0078,0
1858,Flammulina,velutipes L11,10
1859,Flammulina,velutipes W23,11
1860,Flammulina,velutipes KACC42780,5
1861,Endocronartium,harknessii PhW48OC,0
1862,Wallemia,ichthyophaga EXF-994,0
1863,Wallemia,mellicola CBS 633.66,0
1864,Melampsora,pinitorqua Mpini7,0
1865,Melampsora,larici-populina 98AG31,0
1866,Jaminaea,angkorensis CBS 10918,0
1867,Lecanicillium,fungicola 150-1,2
1868,Phyllosticta,citricarpa CGMCC3.14348,0
1869,Botrytis,cinerea BcDW1,1
1870,Botrytis,cinerea T4,465
1871,Botrytis,cinerea B05.10,563
1872,Knufia,petricola CBS 123872,0
1873,Knufia,epidermidis CBS 120353,0
1874,Phaeoacremonium,minimum UCRPA7,1
1875,Dactylellina,haptotyla CBS 200.50,2
1876,Stachybotrys,chartarum IBT 40288,1
1877,Stachybotrys,chlorohalonata IBT 40285,1
1878,Stachybotrys,chartarum IBT 40293,1
1879,Stachybotrys,chartarum IBT 7711,2
1880,Termitomyces,clypeatus MTCC 5091,0
1881,Zygoascus,meyerae E23,0
1882,Nakaseomyces,bacillisporus CBS 7720,0
1883,Nakaseomyces,delphensis CBS 2170,0
1884,Pleotrichocladium,opacum GPO_LL_03_C7,0
1885,Claroideoglomus,etunicatum Native Plant Industries-2013,0
1886,Zymoseptoria,tritici ST99CH_3D7,387
1887,Zymoseptoria,tritici ST99CH_3D1,387
1888,Zymoseptoria,tritici ST99CH_1E4,393
1889,Zymoseptoria,tritici ST99CH_1A5,383
1890,Zymoseptoria,passerinii SP63,0
1891,Zymoseptoria,ardabiliae STIR04_1.1.1,0
1892,Zymoseptoria,ardabiliae STIR04_3.3.2,0
1893,Zymoseptoria,ardabiliae STIR04_1.1.2,0
1894,Zymoseptoria,ardabiliae STIR04_3.13.1,0
1895,Zymoseptoria,pseudotritici STIR04_4.3.1,0
1896,Zymoseptoria,pseudotritici STIR04_5.9.1,0
1897,Zymoseptoria,pseudotritici STIR04_5.3,0
1898,Zymoseptoria,pseudotritici STIR04_2.2.1,0
1899,Zymoseptoria,pseudotritici ST04IR_3.11.1,0
1900,Zymoseptoria,tritici STIR04 A48b,0
1901,Zymoseptoria,tritici STIR04_A26b,0
1902,Zymoseptoria,pseudotritici STIR04_3.11.1,0
1903,Zymoseptoria,tritici IPO323,1
1904,Apophysomyces,elegans B7760,0
1905,Apophysomyces,trapeziformis B9324,0
1906,Lachancea,meyersii CBS 8951,0
1907,Lachancea,nothofagi CBS 11611,0
1908,Lachancea,waltii ATCC 56500,0
1909,Lachancea,thermotolerans CBS 6340,116
1910,Lachancea,sp. CBS 6924,0
1911,Lachancea,waltii NCYC 2644,0
1912,Lachancea,kluyveri NRRL Y-12651,0
1913,Laccaria,bicolor L:990290419,0
1914,Laccaria,amethystina LaAM-08-1,0
1915,Laccaria,laccata IV.3,0
1916,Laccaria,bicolor S238N-H53,0
1917,Laccaria,bicolor DR170,1
1918,Laccaria,bicolor S238N-H82xH70,0
1919,Laccaria,bicolor Cham3,0
1920,Laccaria,bicolor 81306,0
1921,Laccaria,bicolor D101,0
1922,Laccaria,bicolor S238N-H82,2
1923,Schizosaccharomyces,pombe 927,0
1924,Schizosaccharomyces,japonicus NBRC 1609,0
1925,Schizosaccharomyces,pombe SPK1820,0
1926,Schizosaccharomyces,pombe NCYC132,0
1927,Schizosaccharomyces,pombe strain SPY73 975 h+,0
1928,Schizosaccharomyces,cryophilus OY26,0
1929,Schizosaccharomyces,pombe OY26,0
1930,Schizosaccharomyces,pombe DM3757,0
1931,Schizosaccharomyces,pombe DM3755,0
1932,Schizosaccharomyces,pombe DM3650,0
1933,Schizosaccharomyces,octosporus yFS286,0
1934,Schizosaccharomyces,japonicus yFS275,4
1935,Schizosaccharomyces,pombe 972h-,313
1936,Curvularia,lunata CX-3,0
1937,Curvularia,lunata m118,0
1938,Curvularia,protuberata 2009,0
1939,Endocarpon,pusillum Z07020,3
1940,Grosmannia,clavigera UAMH 11153,0
1941,Grosmannia,clavigera kw1407,2
1942,Ganoderma,boninense PER71,0
1943,Ganoderma,miniatocinctum 337035,0
1944,Ganoderma,zonatum POR69,0
1945,Ganoderma,tornatum NPG1,0
1946,Ganoderma,lucidum Xiangnong No.1,0
1947,Ganoderma,sinense ZZ0214-1,0
1948,Ganoderma,lucidum G.260125-1,0
1949,Ganoderma,lucidum Hu-nongke No. 1,0
1950,Ganoderma,lucidum BCRC 37177,0
1951,Ganoderma,multipileum BCRC 37180,0
1952,Ophiostoma,piceae UAMH 11346,0
1953,Ophiostoma,novo-ulmi subsp. novo-ulmi H327,0
1954,Ophiostoma,montium AA-MBP,0
1955,Leucoagaricus,gongylophorus Ac12,0
1956,Auricularia,polytricha APM2-16,0
1957,Auricularia,subglabra TFB-10046 SS5,1
1958,Emmonsia,crescens UAMH 3008,0
1959,Rhodotorula,taiwanensis RS1,0
1960,Rhodotorula,toruloides MTCC 457,0
1961,Rhodotorula,toruloides NP11,0
1962,Rhodotorula,toruloides ATCC 204091,1
1963,Rhodotorula,graminis WP1,0
1964,Hanseniaspora,uvarum DSM 2768,0
1965,Hanseniaspora,valbyensis NRRL Y-1626,0
1966,Phakopsora,pachyrhizi Thai1,0
1967,Pichia,kudriavzevii CAB39-6420,0
1968,Pichia,kudriavzevii M12,0
1969,Pichia,membranifaciens NRRL Y-2026,0
1970,Malassezia,sympodialis ATCC 42132,87
1971,Malassezia,globosa CBS 7966,1
1972,Malassezia,restricta CBS 7877,80
1973,Diaporthe,longicolla MSPL 10-6,0
1974,Pestalotiopsis,fici W106-1,3
1975,Histoplasma,capsulatum var. capsulatum Tmu,0
1976,Histoplasma,capsulatum H143,0
1977,Histoplasma,capsulatum H88,161
1978,Histoplasma,capsulatum G186AR,163
1979,Cyphellophora,europaea CBS 101466,1
1980,Trichosporon,asahii var. asahii CBS 8904,1
1981,Trichosporon,asahii var. asahii CBS 2479,1
1982,Trichosporon,asahii JCM 2466,0
1983,Cordyceps,militaris CM-whu,0
1984,Cordyceps,fumosorosea ARSEF 2679,0
1985,Cordyceps,militaris CM01,1
1986,Cordyceps,cicadae BA-001,0
1987,Aureobasidium,pullulans AY4,0
1988,Aureobasidium,subglaciale EXF-2481,1
1989,Aureobasidium,namibiae CBS 147.97,2
1990,Aureobasidium,melanogenum CBS 110374,1
1991,Aureobasidium,pullulans EXF-150,1
1992,Wickerhamomyces,ciferrii NRRL Y-1031,0
1993,Wickerhamomyces,anomalus NRRL Y-366,8
1994,Wickerhamomyces,anomalus NRRL Y-366-8,0
1995,Metschnikowia,fructicola 277,0
1996,Metschnikowia,bicuspidata var. bicuspidata NRRL YB-4993,0
1997,Neolecta,irregularis DAH-3,0
1998,Gyroporus,castaneus SGT-2012,0
1999,Scheffersomyces,shehatae ATCC 22984,0
2000,Scheffersomyces,stipitis NRRL Y-7124,0
2001,Scheffersomyces,stipitis Shi21,0
2002,Scheffersomyces,stipitis CBS 6054,230
2003,Exophiala,aquamarina CBS 119918,0
2004,Exophiala,dermatitidis NIH/UT8656,0
2005,Capronia,epimyces CBS 606.96,0
2006,Capronia,coronata CBS 617.96,0
2007,Aulographum,hederae CBS 113979,3
2008,Aplosporella,prunicola CBS 121167,3
2009,Daldinia,eschscholzii IFB-TL01,0
2010,Daldinia,eschscholzii UM1020,0
2011,Myriangium,duriaei CBS 260.36,2
2012,Lentithecium,fluviatile CBS 122367,4
2013,Cucurbitaria,berberidis CBS 394.84,5
2014,Coniosporium,apollinis CBS 100218,2
2015,Coprinopsis,cinerea PJP DFInput oidia,0
2016,Coprinopsis,cinerea rad59#3,0
2017,Coprinopsis,cinerea rad59#1,0
2018,Coprinopsis,cinerea rad117#2,0
2019,Coprinopsis,cinerea rad117#1,0
2020,Coprinopsis,cinerea rad112#3,0
2021,Coprinopsis,cinerea rad112#2,0
2022,Coprinopsis,cinerea 10-1#4-6,0
2023,Coprinopsis,cinerea 10-1#1,0
2024,Coprinopsis,cinerea Java6,0
2025,Coprinopsis,cinerea bn9#2,0
2026,Coprinopsis,cinerea bn9#1,0
2027,Coprinopsis,cinerea bn8#2,0
2028,Coprinopsis,cinerea bn8#1,0
2029,Coprinopsis,cinerea RS93,0
2030,Coprinopsis,cinerea RS9,0
2031,Coprinopsis,cinerea RS8,0
2032,Coprinopsis,cinerea RS70,0
2033,Coprinopsis,cinerea RS7,0
2034,Coprinopsis,cinerea RS67,0
2035,Coprinopsis,cinerea RS66,0
2036,Coprinopsis,cinerea RS65,0
2037,Coprinopsis,cinerea RS64,0
2038,Coprinopsis,cinerea RS63,0
2039,Coprinopsis,cinerea RS62,0
2040,Coprinopsis,cinerea RS61,0
2041,Coprinopsis,cinerea RS60,0
2042,Coprinopsis,cinerea RS6,0
2043,Coprinopsis,cinerea RS59,0
2044,Coprinopsis,cinerea RS58,0
2045,Coprinopsis,cinerea RS57,0
2046,Coprinopsis,cinerea RS52,0
2047,Coprinopsis,cinerea RS5,0
2048,Coprinopsis,cinerea RS48,0
2049,Coprinopsis,cinerea RS40,0
2050,Coprinopsis,cinerea RS39,0
2051,Coprinopsis,cinerea RS38,0
2052,Coprinopsis,cinerea RS37,0
2053,Coprinopsis,cinerea RS36,0
2054,Coprinopsis,cinerea RS35,0
2055,Coprinopsis,cinerea RS34,0
2056,Coprinopsis,cinerea RS33,0
2057,Coprinopsis,cinerea RS32,0
2058,Coprinopsis,cinerea RS31,0
2059,Coprinopsis,cinerea RS3,0
2060,Coprinopsis,cinerea RS28,0
2061,Coprinopsis,cinerea RS26,0
2062,Coprinopsis,cinerea RS23,0
2063,Coprinopsis,cinerea RS20,0
2064,Coprinopsis,cinerea RS2,0
2065,Coprinopsis,cinerea RS15,0
2066,Coprinopsis,cinerea RS14,0
2067,Coprinopsis,cinerea RS13,0
2068,Coprinopsis,cinerea RS12,0
2069,Coprinopsis,cinerea RS11,0
2070,Coprinopsis,cinerea RS104,0
2071,Coprinopsis,cinerea RS102,0
2072,Coprinopsis,cinerea RS101,0
2073,Coprinopsis,cinerea RS10,0
2074,Coprinopsis,cinerea RS1,0
2075,Coprinopsis,cinerea 172,0
2076,Coprinopsis,cinerea 130,0
2077,Coprinopsis,cinerea AmutBmut pab1-1,0
2078,Coprinopsis,cinerea okayama7#130,21
2079,Tolypocladium,ophioglossoides CBS 100239,0
2080,Tolypocladium,inflatum NRRL8044,0
2081,Pleosporales,sp. UM 1110,0
2082,Ascobolus,immersus RN42,0
2083,Adustoporia,sinuosa LB1,0
2084,Thermomyces,lanuginosus SSBP,3
2085,Hortaea,werneckii EXF-2000,0
2086,Fulvia,fulva CBS 131901,0
2087,Nectriopsis,sporangiicola NRRL 22127,0
2088,Monascus,ruber NRRL 1597,0
2089,Monascus,purpureus NRRL 1596,0
2090,Cladosporium,sphaerospermum UM 843,0
2091,Cladosporium,herbarum CBS 121621,0
2092,Phallus,impudicus MAR,0
2093,Didymella,exigua CBS 183.55,4
2094,Gymnascella,citrina NRRL 5970,0
2095,Gymnascella,aurantiaca NRRL 5967,0
2096,Apiospora,montagnei NRRL 25634,0
2097,Thermothelomyces,heterothallicus CBS 203.75,0
2098,Thermothelomyces,heterothallicus CBS 202.75,0
2099,Thermothelomyces,thermophilus ATCC 42464,386
2100,Hyaloscypha,variabilis MAR,0
2101,Hyaloscypha,variabilis F,0
2102,Hyaloscypha,bicolor E,0
2103,Cortinarius,glaucopus AT 2004 276,0
2104,Taxomyces,andreanae CBS 279.92,0
2105,Lenzites,betulinus 141,0
2106,Cerrena,unicolor 303,0
2107,Nematocida,sp. 1 ERTm6,0
2108,Nematocida,sp. 1 ERTm2,0
2109,Nematocida,parisii ERTm3,0
2110,Nematocida,parisii ERTm1,0
2111,Pleurotus,ostreatus PC9,0
2112,Pleurotus,ostreatus PC15,1
2113,Hysterium,pulicare CBS 123377,0
2114,Rhytidhysteron,rufulum CBS 306.38,0
2115,Botryosphaeria,dothidea CBS 115476,0
2116,Sphaerulina,populicola P02.02b,0
2117,Sphaerulina,musiva SO2202,0
2118,Thermoascus,aurantiacus ATCC 26904,0
2119,Fistulina,hepatica ATCC 64428,0
2120,Omphalotus,olearius VT 653.13,0
2121,Russula,virescens RV-qingtou-2011,0
2122,Cyberlindnera,jadinii NBRC 0988,0
2123,Cyberlindnera,jadinii NRRL Y-1542,0
2124,Macrophomina,phaseolina MS6,2
2125,Epicoccum,nigrum P16,0
2126,Alternaria,arborescens EGS 39-128,1
2127,Alternaria,brassicicola ATCC 96836,2
2128,Debaryomyces,hansenii var. hansenii MTCC 234,0
2129,Debaryomyces,hansenii CBS767,215
2130,Glarea,lozoyensis ATCC 20868,5
2131,Glarea,lozoyensis 74030,0
2132,Claviceps,purpurea 20.1,0
2133,Claviceps,fusiformis PRL 1980,0
2134,Claviceps,paspali RRC 1481,0
2135,Serendipita,indica DSM 11827,421
2136,Serendipita,vermifera MAFF 305830,2
2137,Phlebia,radiata 79,4
2138,Phlebia,brevispora HHB-7030 SS6,0
2139,Tricholoma,matsutake 945,0
2140,Meyerozyma,caribbica MG20W,0
2141,Meyerozyma,guilliermondii ATCC 6260,4
2142,Hydnellum,aurantiacum 'Form 3',0
2143,Hydnellum,aurantiacum 'Form 2',0
2144,Hydnellum,aurantiacum 'Form 1',0
2145,Moelleriella,libera RCEF 2490,0
2146,Akanthomyces,lecanii RCEF 1005,0
2147,Zasmidium,cellare ATCC 36951,3
2148,Fibroporia,radiculosa TFFH 294,1
2149,Pyronema,omphalodes CBS 100304,0
2150,Torulaspora,delbrueckii CBS 1146,0
2151,Penicilliopsis,zonata CBS 506.65,0
2152,Drepanopeziza,brunnea f. sp. 'multigermtubi' MB_m1,0
2153,Kazachstania,naganishii CBS 8797,0
2154,Kazachstania,africana CBS 2517,130
2155,Tetrapisispora,phaffii CBS 4417,130
2156,Tetrapisispora,blattae CBS 6284,0
2157,Naumovozyma,dairenensis CBS 421,0
2158,Naumovozyma,castellii CBS 4309,0
2159,Naumovozyma,castellii NRRL Y-12630,0
2160,Podila,verticillata NRRL 6337,0
2161,Pochonia,chlamydosporia 123,0
2162,Tulasnella,calospora MUT 4182,0
2163,Terfezia,boudieri ATCC MYA-4762,0
2164,Drechslerella,stenobrocha 248,0
2165,Tilletiaria,anomala UBC 951,0
2166,Periglandula,ipomoeae IasaF13,0
2167,Nosema,apis BRL 01,0
2168,Nosema,bombycis CQ1,0
2169,Nosema,ceranae BRL01,0
2170,Scleroderma,citrinum Foug A,0
2171,Aciculosporium,take MAFF-241224,0
2172,Ceratocystis,fimbriata CBS 114723,0
2173,Rhizomucor,miehei CAU432,12
2174,Ascocoryne,sarcoides NRRL 50072,0
2175,Agaricus,bisporus U1,0
2176,Agaricus,bisporus var. bisporus H97,2
2177,Agaricus,bisporus var. burnettii JB137-S8,0
2178,Hydnomerulius,pinastri MD-312,0
2179,Vittaforma,corneae ATCC 50505,0
2180,Sphaerobolus,stellatus SS14,2
2181,Rozella,allomycis CSF55,1
2182,Leptosphaeria,maculans JN3,425
2183,Nadsonia,fulvescens var. fulvescens NRRL Y-12810,0
2184,Nadsonia,fulvescens var. elongata DSM 6958,0
2185,Suhomyces,tanzawaensis NRRL Y-17324,0
2186,Babjeviella,inositovora NRRL Y-12698,0
2187,Hyphopichia,burtonii NRRL Y-1933,0
2188,Symbiotaphrina,kochii CBS 250.77,0
2189,Blastomyces,dermatitidis ATCC 18187,0
2190,Blastomyces,dermatitidis ATCC 18188,0
2191,Blastomyces,gilchristii SLH14081,1
2192,Blastomyces,dermatitidis ER-3,0
2193,Blastomyces,dermatitidis ATCC 26199,0
2194,Hypholoma,sublateritium FD-334 SS-4,0
2195,Plicaturopsis,crispa FD-325 SS-3,0
2196,Serpula,lacrymans var. lacrymans S7.3,4
2197,Serpula,lacrymans var. shastensis SHA21-2,0
2198,Serpula,lacrymans var. lacrymans S7.9,2
2199,Jaapia,argillacea MUCL 33604,0
2200,Olpidium,bornovanus UBC F19785,0
2201,Paxillus,rubicundulus Ve08.2h10,0
2202,Paxillus,involutus ATCC 200175,0
2203,Botryobasidium,botryosum FD-172 SS1,1
2204,Bipolaris,victoriae FI3,2
2205,Bipolaris,oryzae ATCC 44560,2
2206,Bipolaris,zeicola 26-R-13,2
2207,Bipolaris,maydis C5,3
2208,Bipolaris,sorokiniana ND90Pr,1
2209,Bipolaris,maydis PR1x412,0
2210,Bipolaris,maydis Hm540,0
2211,Bipolaris,maydis ATCC 48331,0
2212,Gelatoporia,subvermispora B,0
2213,Oidiodendron,maius Zn,3
2214,Aigialus,grandis GR165,0
2215,Ophiognomonia,clavigignenti-juglandacearum ATCC 36624,0
2216,Microsporum,canis ATCC 36299,0
2217,Microsporum,canis CBS 113480,1
2218,Ogataea,parapolymorpha DL-1,0
2219,Ogataea,polymorpha NCYC 495 leu1.1,0
2220,Ogataea,polymorpha RB11,0
2221,Ogataea,polymorpha CBS 4732,1
2222,Pisolithus,tinctorius Marx 270,0
2223,Pisolithus,microcarpus 441,0
2224,Amorphotheca,resinae ATCC 22711,0
2225,Acremonium,chrysogenum ATCC 11550,2
2226,Millerozyma,farinosa CBS 185,0
2227,Millerozyma,farinosa CBS 7064,262
2228,Cenococcum,geophilum 1.58,1
2229,Tortispora,caseinolytica NRRL Y-17796,0
2230,Acidomyces,richmondensis BFW,0
2231,Catenaria,anguillulae PL171,0
2232,Piloderma,croceum F 1598,0
2233,Mixia,osmundae IAM 14324,4
2234,Coemansia,reversa NRRL 1564,0
2235,Phycomyces,blakesleeanus NRRL 1555(-),10
2236,Phycomyces,blakesleeanus C107,0
2237,Phycomyces,blakesleeanus B16,0
2238,Phycomyces,blakesleeanus L163,0
2239,Phycomyces,blakesleeanus L161,0
2240,Phycomyces,blakesleeanus L157,0
2241,Phycomyces,blakesleeanus B27,0
2242,Phycomyces,blakesleeanus A893,0
2243,Phycomyces,blakesleeanus A905,0
2244,Phycomyces,blakesleeanus B2,0
2245,Phycomyces,blakesleeanus C149,0
2246,Phycomyces,blakesleeanus C48,0
2247,Phycomyces,blakesleeanus C57,0
2248,Phycomyces,blakesleeanus L153,0
2249,Phycomyces,blakesleeanus L151,0
2250,Phycomyces,blakesleeanus C307,0
2251,Phycomyces,blakesleeanus C110,0
2252,Phycomyces,blakesleeanus C6,0
2253,Chaetomium,thermophilum var. thermophilum DSM 1495,3
2254,Chaetomium,globosum CBS 148.51,7
2255,Orbilia,oligospora ATCC 24927,393
2256,Bjerkandera,adusta HHB-12826-SP SB-22,0
2257,Heterobasidion,irregulare TC 32-1,1
2258,Amylostereum,areolatum 19.12,0
2259,Phlebiopsis,gigantea 11061_1 CR5-6,0
2260,Fomitopsis,pinicola FP-58527 SS1,0
2261,Coniophora,puteana RWD-64-598 SS2,0
2262,Punctularia,strigosozonata HHB-11173 SS5,4
2263,Dichomitus,squalens LYAD-421 SS1,1
2264,Stereum,hirsutum FP-91666 SS1,1
2265,Baudoinia,panamericana UAMH 10762,0
2266,Xanthoria,parietina 46-1-SA22,0
2267,Grifola,umbellata CGMCC 5.0173,0
2268,Saitoella,complicata NRRL Y-17804,0
2269,Fomitiporia,mediterranea MF3/22,4
2270,Hebeloma,cylindrosporum h7,0
2271,Hebeloma,lutense icg 15,0
2272,Hebeloma,lutense icg 14,0
2273,Hebeloma,crustuliniforme icg 4,0
2274,Hebeloma,velutipes icg 17,0
2275,Hebeloma,velutipes icg 16,0
2276,Hebeloma,crustuliniforme icg 5,0
2277,Hebeloma,crustuliniforme icg 3,0
2278,Hebeloma,crustuliniforme icg 2,0
2279,Hebeloma,crustuliniforme icg 1,0
2280,Hebeloma,pusillum icg 8,0
2281,Hebeloma,pusillum icg 7,0
2282,Hebeloma,pusillum icg 6,0
2283,Hebeloma,leucosarx icg 15,0
2284,Hebeloma,leucosarx icg 14,0
2285,Hebeloma,helodes icg 9,0
2286,Hebeloma,helodes icg 22,0
2287,Hebeloma,helodes icg 21,0
2288,Hebeloma,helodes icg 20,0
2289,Hebeloma,helodes icg 19,0
2290,Hebeloma,helodes icg 13,0
2291,Hebeloma,helodes icg 12,0
2292,Hebeloma,helodes icg 11,0
2293,Hebeloma,helodes icg 10,0
2294,Hebeloma,incarnatulum icg 18,0
2295,Mycothermus,thermophilus ATCC 16453,0
2296,Galerina,marginata CBS 339.88,1
2297,Batrachochytrium,dendrobatidis JAM81,0
2298,Batrachochytrium,dendrobatidis JEL423,0
2299,Microbotryum,lychnidis-dioicae p1A1 Lamole,0
2300,Lipomyces,starkeyi NRRL Y-11557,0
2301,Exserohilum,turcica Et28A,3
2302,Postia,placenta MAD-698-R-SB12,0
2303,Postia,placenta Mad-698-R,6
2304,Gloeophyllum,trabeum ATCC 11539,6
2305,Pachysolen,tannophilus NRRL Y-2460,0
2306,Cryphonectria,parasitica EP155,9
2307,Hamiltosporidium,tvaerminnensis OER-3-3,0
2308,Tuber,melanosporum Mel28,0
2309,Phanerochaete,carnosa HHB-10118-sp,1
2310,Phanerochaete,chrysosporium RP-78,1
2311,Ascosphaera,apis ARSEF 7406,0
2312,Ascosphaera,apis ARSEF 7405,0
2313,Spizellomyces,punctatus DAOM BR117,0
2314,Magnaporthiopsis,poae ATCC 64411,0
2315,Gaeumannomyces,tritici R3-111a-1,1
2316,Yamadazyma,tenuis ATCC 10573,1
2317,Allomyces,macrogynus ATCC 38327,0
2318,Thermothielavioides,terrestris NRRL 8126,409
2319,Moniliophthora,perniciosa FA553,2
2320,Nannizzia,gypsea CBS 118893,0
2321,Podospora,anserina S mat+,904
2322,Paracoccidioides,brasiliensis Pb18,0
2323,Paracoccidioides,lutzii Pb01,3
2324,Paracoccidioides,brasiliensis Pb03,0
2325,Coccidioides,posadasii CPA 0066,0
2326,Coccidioides,posadasii CPA 0020,0
2327,Coccidioides,posadasii RMSCC 1040,0
2328,Coccidioides,posadasii RMSCC 1038,0
2329,Coccidioides,posadasii RMSCC 1037,0
2330,Coccidioides,posadasii CPA 0001,0
2331,Coccidioides,posadasii RMSCC 3700,0
2332,Coccidioides,posadasii RMSCC 2133,0
2333,Coccidioides,immitis RMSCC 3703,0
2334,Coccidioides,posadasii RMSCC 3488,0
2335,Coccidioides,posadasii str. Silveira,66
2336,Coccidioides,immitis RMSCC 2394,0
2337,Coccidioides,immitis H538.4,0
2338,Coccidioides,immitis RS,0
2339,Coccidioides,posadasii C735 delta SOWgp,1
2340,Enterocytozoon,bieneusi H348,0
2341,Vanderwaltozyma,polyspora DSM 70294,0
2342,Sporidiobolus,salmonicolor IAM 12258,0
2343,Lodderomyces,elongisporus NRRL YB-4239,0
2344,Sporobolomyces,roseus IAM 13481,0
2345,Uncinocarpus,reesii 1704,0
2346,Helicobasidium,purpureum II,0
2347,Helicobasidium,purpureum I,0
2348,Helicobasidium,longisporum II,0
2349,Helicobasidium,longisporum I,0
2350,Sarocladium,strictum genogroup IV,0
2351,Sarocladium,strictum genogroup II,0
2352,Sarocladium,strictum genogroup I,0
